Context_ID,Group,Retailer,Store,Date,Hour,Product_Number,Product_Name,Group_Respondents,Actual_Price,Peer_Group_Count,Peer_Group_Unique_Prices,Peer_Group_Min,Peer_Group_Median,Peer_Group_Max,Peer_Deviation_Pct,Peer_Max_Min_Spread_Pct,Peer_Price_Position,OOF_Predicted_Price,OOF_Model_Deviation_Pct,Evidence_Score,Evidence_Level,Final_Signal
Safeway_Safeway-DC1_2025-09-04_12:00 EST_1,1-A,Safeway,Safeway-DC1,2025-09-04,12:00 EST,1,Honeycrisp apples (1 apple),3,2.16,5,3,2.16,2.44,2.44,-11.475409836065564,12.962962962962955,0.0,2.2058906081421545,-2.0803664503020958,0.0,Within observed peer range,Low signal
Safeway_Safeway-DC1_2025-09-04_12:00 EST_1,1-B,Safeway,Safeway-DC1,2025-09-04,12:00 EST,1,Honeycrisp apples (1 apple),9,2.34,5,3,2.16,2.44,2.44,-4.098360655737709,12.962962962962955,0.6428571428571422,2.2058906081421545,6.0796030121727185,0.0,Within observed peer range,Low signal
Safeway_Safeway-DC1_2025-09-04_12:00 EST_1,1-C,Safeway,Safeway-DC1,2025-09-04,12:00 EST,1,Honeycrisp apples (1 apple),10,2.44,5,3,2.16,2.44,2.44,0.0,12.962962962962955,1.0,2.2058906081421545,10.612919380214269,0.0,Within observed peer range,Low signal
Safeway_Safeway-DC1_2025-09-04_12:00 EST_1,1-D,Safeway,Safeway-DC1,2025-09-04,12:00 EST,1,Honeycrisp apples (1 apple),7,2.44,5,3,2.16,2.44,2.44,0.0,12.962962962962955,1.0,2.2058906081421545,10.612919380214269,0.0,Within observed peer range,Low signal
Safeway_Safeway-DC1_2025-09-04_12:00 EST_1,1-E,Safeway,Safeway-DC1,2025-09-04,12:00 EST,1,Honeycrisp apples (1 apple),3,2.44,5,3,2.16,2.44,2.44,0.0,12.962962962962955,1.0,2.2058906081421545,10.612919380214269,0.0,Within observed peer range,Low signal
Safeway_Safeway-DC1_2025-09-04_12:00 EST_10,1-A,Safeway,Safeway-DC1,2025-09-04,12:00 EST,10,"Lucerne Eggs, Large, 12 ct.",3,6.47,5,2,6.47,6.99,6.99,-7.439198855507878,8.037094281298307,0.0,6.707833281407853,-3.5456051370128416,0.0,Within observed peer range,Low signal
Safeway_Safeway-DC1_2025-09-04_12:00 EST_10,1-B,Safeway,Safeway-DC1,2025-09-04,12:00 EST,10,"Lucerne Eggs, Large, 12 ct.",9,6.99,5,2,6.47,6.99,6.99,0.0,8.037094281298307,1.0,6.707833281407853,4.206525516581205,0.0,Within observed peer range,Low signal
Safeway_Safeway-DC1_2025-09-04_12:00 EST_10,1-C,Safeway,Safeway-DC1,2025-09-04,12:00 EST,10,"Lucerne Eggs, Large, 12 ct.",10,6.99,5,2,6.47,6.99,6.99,0.0,8.037094281298307,1.0,6.707833281407853,4.206525516581205,0.0,Within observed peer range,Low signal
Safeway_Safeway-DC1_2025-09-04_12:00 EST_10,1-D,Safeway,Safeway-DC1,2025-09-04,12:00 EST,10,"Lucerne Eggs, Large, 12 ct.",7,6.99,5,2,6.47,6.99,6.99,0.0,8.037094281298307,1.0,6.707833281407853,4.206525516581205,0.0,Within observed peer range,Low signal
Safeway_Safeway-DC1_2025-09-04_12:00 EST_10,1-E,Safeway,Safeway-DC1,2025-09-04,12:00 EST,10,"Lucerne Eggs, Large, 12 ct.",3,6.47,5,2,6.47,6.99,6.99,-7.439198855507878,8.037094281298307,0.0,6.707833281407853,-3.5456051370128416,0.0,Within observed peer range,Low signal
Safeway_Safeway-DC1_2025-09-04_12:00 EST_11,1-A,Safeway,Safeway-DC1,2025-09-04,12:00 EST,11,"KIND Dark Chocolate Nuts & Sea Salt, 6 bars",3,10.25,5,3,10.25,10.99,11.59,-6.733393994540493,13.073170731707314,0.0,10.907768895793986,-6.030278988103777,0.0,Within observed peer range,Low signal
Safeway_Safeway-DC1_2025-09-04_12:00 EST_11,1-B,Safeway,Safeway-DC1,2025-09-04,12:00 EST,11,"KIND Dark Chocolate Nuts & Sea Salt, 6 bars",9,10.99,5,3,10.25,10.99,11.59,0.0,13.073170731707314,0.5522388059701495,10.907768895793986,0.7538764800721243,0.0,Within observed peer range,Low signal
Safeway_Safeway-DC1_2025-09-04_12:00 EST_11,1-C,Safeway,Safeway-DC1,2025-09-04,12:00 EST,11,"KIND Dark Chocolate Nuts & Sea Salt, 6 bars",10,10.99,5,3,10.25,10.99,11.59,0.0,13.073170731707314,0.5522388059701495,10.907768895793986,0.7538764800721243,0.0,Within observed peer range,Low signal
Safeway_Safeway-DC1_2025-09-04_12:00 EST_11,1-D,Safeway,Safeway-DC1,2025-09-04,12:00 EST,11,"KIND Dark Chocolate Nuts & Sea Salt, 6 bars",7,10.99,5,3,10.25,10.99,11.59,0.0,13.073170731707314,0.5522388059701495,10.907768895793986,0.7538764800721243,0.0,Within observed peer range,Low signal
Safeway_Safeway-DC1_2025-09-04_12:00 EST_11,1-E,Safeway,Safeway-DC1,2025-09-04,12:00 EST,11,"KIND Dark Chocolate Nuts & Sea Salt, 6 bars",3,11.59,5,3,10.25,10.99,11.59,5.459508644222022,13.073170731707314,1.0,10.907768895793986,6.254543075890462,21.838034576888088,Noticeably above peers,Moderate signal
Safeway_Safeway-DC1_2025-09-04_12:00 EST_12,1-A,Safeway,Safeway-DC1,2025-09-04,12:00 EST,12,"Heinz Tomato Ketchup, 20 oz.",3,5.99,5,1,5.99,5.99,5.99,0.0,0.0,0.5,5.133607015196727,16.68209082362835,0.0,Within observed peer range,Low signal
Safeway_Safeway-DC1_2025-09-04_12:00 EST_12,1-B,Safeway,Safeway-DC1,2025-09-04,12:00 EST,12,"Heinz Tomato Ketchup, 20 oz.",9,5.99,5,1,5.99,5.99,5.99,0.0,0.0,0.5,5.133607015196727,16.68209082362835,0.0,Within observed peer range,Low signal
Safeway_Safeway-DC1_2025-09-04_12:00 EST_12,1-C,Safeway,Safeway-DC1,2025-09-04,12:00 EST,12,"Heinz Tomato Ketchup, 20 oz.",10,5.99,5,1,5.99,5.99,5.99,0.0,0.0,0.5,5.133607015196727,16.68209082362835,0.0,Within observed peer range,Low signal
Safeway_Safeway-DC1_2025-09-04_12:00 EST_12,1-D,Safeway,Safeway-DC1,2025-09-04,12:00 EST,12,"Heinz Tomato Ketchup, 20 oz.",7,5.99,5,1,5.99,5.99,5.99,0.0,0.0,0.5,5.133607015196727,16.68209082362835,0.0,Within observed peer range,Low signal
Safeway_Safeway-DC1_2025-09-04_12:00 EST_12,1-E,Safeway,Safeway-DC1,2025-09-04,12:00 EST,12,"Heinz Tomato Ketchup, 20 oz.",3,5.99,5,1,5.99,5.99,5.99,0.0,0.0,0.5,5.133607015196727,16.68209082362835,0.0,Within observed peer range,Low signal
Safeway_Safeway-DC1_2025-09-04_12:00 EST_13,1-A,Safeway,Safeway-DC1,2025-09-04,12:00 EST,13,"Quaker 1-Minute Oats, 42 oz.",3,8.99,5,2,8.99,8.99,9.79,0.0,8.898776418242479,0.0,8.056360983197036,11.588842887629202,0.0,Within observed peer range,Low signal
Safeway_Safeway-DC1_2025-09-04_12:00 EST_13,1-B,Safeway,Safeway-DC1,2025-09-04,12:00 EST,13,"Quaker 1-Minute Oats, 42 oz.",9,8.99,5,2,8.99,8.99,9.79,0.0,8.898776418242479,0.0,8.056360983197036,11.588842887629202,0.0,Within observed peer range,Low signal
Safeway_Safeway-DC1_2025-09-04_12:00 EST_13,1-C,Safeway,Safeway-DC1,2025-09-04,12:00 EST,13,"Quaker 1-Minute Oats, 42 oz.",10,8.99,5,2,8.99,8.99,9.79,0.0,8.898776418242479,0.0,8.056360983197036,11.588842887629202,0.0,Within observed peer range,Low signal
Safeway_Safeway-DC1_2025-09-04_12:00 EST_13,1-D,Safeway,Safeway-DC1,2025-09-04,12:00 EST,13,"Quaker 1-Minute Oats, 42 oz.",7,8.99,5,2,8.99,8.99,9.79,0.0,8.898776418242479,0.0,8.056360983197036,11.588842887629202,0.0,Within observed peer range,Low signal
Safeway_Safeway-DC1_2025-09-04_12:00 EST_13,1-E,Safeway,Safeway-DC1,2025-09-04,12:00 EST,13,"Quaker 1-Minute Oats, 42 oz.",3,9.79,5,2,8.99,8.99,9.79,8.898776418242482,8.898776418242479,1.0,8.298816021118778,17.96863522563299,35.59510567296993,Noticeably above peers,Moderate signal
Safeway_Safeway-DC1_2025-09-04_12:00 EST_14,1-A,Safeway,Safeway-DC1,2025-09-04,12:00 EST,14,"Signature Select Quick One Minute Oatmeal, 42 oz.",3,6.47,5,2,6.47,6.99,6.99,-7.439198855507878,8.037094281298307,0.0,6.874324696096479,-5.88166422115719,0.0,Within observed peer range,Low signal
Safeway_Safeway-DC1_2025-09-04_12:00 EST_14,1-B,Safeway,Safeway-DC1,2025-09-04,12:00 EST,14,"Signature Select Quick One Minute Oatmeal, 42 oz.",9,6.99,5,2,6.47,6.99,6.99,0.0,8.037094281298307,1.0,6.874324696096479,1.6827151613773461,0.0,Within observed peer range,Low signal
Safeway_Safeway-DC1_2025-09-04_12:00 EST_14,1-C,Safeway,Safeway-DC1,2025-09-04,12:00 EST,14,"Signature Select Quick One Minute Oatmeal, 42 oz.",10,6.99,5,2,6.47,6.99,6.99,0.0,8.037094281298307,1.0,6.874324696096479,1.6827151613773461,0.0,Within observed peer range,Low signal
Safeway_Safeway-DC1_2025-09-04_12:00 EST_14,1-D,Safeway,Safeway-DC1,2025-09-04,12:00 EST,14,"Signature Select Quick One Minute Oatmeal, 42 oz.",7,6.99,5,2,6.47,6.99,6.99,0.0,8.037094281298307,1.0,6.874324696096479,1.6827151613773461,0.0,Within observed peer range,Low signal
Safeway_Safeway-DC1_2025-09-04_12:00 EST_14,1-E,Safeway,Safeway-DC1,2025-09-04,12:00 EST,14,"Signature Select Quick One Minute Oatmeal, 42 oz.",3,6.99,5,2,6.47,6.99,6.99,0.0,8.037094281298307,1.0,6.874324696096479,1.6827151613773461,0.0,Within observed peer range,Low signal
Safeway_Safeway-DC1_2025-09-04_12:00 EST_15,1-A,Safeway,Safeway-DC1,2025-09-04,12:00 EST,15,"Barilla Farfalle, Pasta Made with Durum Wheat, 16 oz.",3,2.99,5,1,2.99,2.99,2.99,0.0,0.0,0.5,2.7260828678410083,9.68118523733683,0.0,Within observed peer range,Low signal
Safeway_Safeway-DC1_2025-09-04_12:00 EST_15,1-B,Safeway,Safeway-DC1,2025-09-04,12:00 EST,15,"Barilla Farfalle, Pasta Made with Durum Wheat, 16 oz.",9,2.99,5,1,2.99,2.99,2.99,0.0,0.0,0.5,2.7260828678410083,9.68118523733683,0.0,Within observed peer range,Low signal
Safeway_Safeway-DC1_2025-09-04_12:00 EST_15,1-C,Safeway,Safeway-DC1,2025-09-04,12:00 EST,15,"Barilla Farfalle, Pasta Made with Durum Wheat, 16 oz.",10,2.99,5,1,2.99,2.99,2.99,0.0,0.0,0.5,2.7260828678410083,9.68118523733683,0.0,Within observed peer range,Low signal
Safeway_Safeway-DC1_2025-09-04_12:00 EST_15,1-D,Safeway,Safeway-DC1,2025-09-04,12:00 EST,15,"Barilla Farfalle, Pasta Made with Durum Wheat, 16 oz.",7,2.99,5,1,2.99,2.99,2.99,0.0,0.0,0.5,2.7260828678410083,9.68118523733683,0.0,Within observed peer range,Low signal
Safeway_Safeway-DC1_2025-09-04_12:00 EST_15,1-E,Safeway,Safeway-DC1,2025-09-04,12:00 EST,15,"Barilla Farfalle, Pasta Made with Durum Wheat, 16 oz.",3,2.99,5,1,2.99,2.99,2.99,0.0,0.0,0.5,2.7260828678410083,9.68118523733683,0.0,Within observed peer range,Low signal
Safeway_Safeway-DC1_2025-09-04_12:00 EST_16,1-A,Safeway,Safeway-DC1,2025-09-04,12:00 EST,16,"Signature Select Farfalle, 12 oz.",3,1.35,5,2,1.35,1.49,1.49,-9.395973154362414,10.370370370370363,0.0,1.4965789588491565,-9.794268319920329,0.0,Within observed peer range,Low signal
Safeway_Safeway-DC1_2025-09-04_12:00 EST_16,1-B,Safeway,Safeway-DC1,2025-09-04,12:00 EST,16,"Signature Select Farfalle, 12 oz.",9,1.49,5,2,1.35,1.49,1.49,0.0,10.370370370370363,1.0,1.4806868068114127,0.6289779273878082,0.0,Within observed peer range,Low signal
Safeway_Safeway-DC1_2025-09-04_12:00 EST_16,1-C,Safeway,Safeway-DC1,2025-09-04,12:00 EST,16,"Signature Select Farfalle, 12 oz.",10,1.49,5,2,1.35,1.49,1.49,0.0,10.370370370370363,1.0,1.4806868068114127,0.6289779273878082,0.0,Within observed peer range,Low signal
Safeway_Safeway-DC1_2025-09-04_12:00 EST_16,1-D,Safeway,Safeway-DC1,2025-09-04,12:00 EST,16,"Signature Select Farfalle, 12 oz.",7,1.49,5,2,1.35,1.49,1.49,0.0,10.370370370370363,1.0,1.4806868068114127,0.6289779273878082,0.0,Within observed peer range,Low signal
Safeway_Safeway-DC1_2025-09-04_12:00 EST_16,1-E,Safeway,Safeway-DC1,2025-09-04,12:00 EST,16,"Signature Select Farfalle, 12 oz.",3,1.49,5,2,1.35,1.49,1.49,0.0,10.370370370370363,1.0,1.4806868068114127,0.6289779273878082,0.0,Within observed peer range,Low signal
Safeway_Safeway-DC1_2025-09-04_12:00 EST_17,1-A,Safeway,Safeway-DC1,2025-09-04,12:00 EST,17,"Skippy Creamy Peanut Butter, 16 oz.",3,3.23,5,4,2.99,3.23,3.69,0.0,23.411371237458184,0.34285714285714264,2.9704446681877843,8.737928519320493,0.0,Within observed peer range,Low signal
Safeway_Safeway-DC1_2025-09-04_12:00 EST_17,1-B,Safeway,Safeway-DC1,2025-09-04,12:00 EST,17,"Skippy Creamy Peanut Butter, 16 oz.",9,2.99,5,4,2.99,3.23,3.69,-7.430340557275539,23.411371237458184,0.0,2.9704446681877843,0.6583301154081456,0.0,Within observed peer range,Low signal
Safeway_Safeway-DC1_2025-09-04_12:00 EST_17,1-C,Safeway,Safeway-DC1,2025-09-04,12:00 EST,17,"Skippy Creamy Peanut Butter, 16 oz.",10,2.99,5,4,2.99,3.23,3.69,-7.430340557275539,23.411371237458184,0.0,2.690300513629681,11.14000034018401,0.0,Within observed peer range,Low signal
Safeway_Safeway-DC1_2025-09-04_12:00 EST_17,1-D,Safeway,Safeway-DC1,2025-09-04,12:00 EST,17,"Skippy Creamy Peanut Butter, 16 oz.",7,3.49,5,4,2.99,3.23,3.69,8.049535603715174,23.411371237458184,0.7142857142857145,2.9704446681877843,17.490826790225555,32.1981424148607,Noticeably above peers,Moderate signal
Safeway_Safeway-DC1_2025-09-04_12:00 EST_17,1-E,Safeway,Safeway-DC1,2025-09-04,12:00 EST,17,"Skippy Creamy Peanut Butter, 16 oz.",3,3.69,5,4,2.99,3.23,3.69,14.241486068111463,23.411371237458184,1.0,2.9704446681877843,24.223825460152494,56.96594427244585,Substantially above peers,High signal
Safeway_Safeway-DC1_2025-09-04_12:00 EST_18,1-A,Safeway,Safeway-DC1,2025-09-04,12:00 EST,18,"Mission Super Soft Taco Flour Tortillas, 10 ct.",3,2.99,5,1,2.99,2.99,2.99,0.0,0.0,0.5,3.3799384497407416,-11.536850612491234,0.0,Within observed peer range,Low signal
Safeway_Safeway-DC1_2025-09-04_12:00 EST_18,1-B,Safeway,Safeway-DC1,2025-09-04,12:00 EST,18,"Mission Super Soft Taco Flour Tortillas, 10 ct.",9,2.99,5,1,2.99,2.99,2.99,0.0,0.0,0.5,3.3799384497407416,-11.536850612491234,0.0,Within observed peer range,Low signal
Safeway_Safeway-DC1_2025-09-04_12:00 EST_18,1-C,Safeway,Safeway-DC1,2025-09-04,12:00 EST,18,"Mission Super Soft Taco Flour Tortillas, 10 ct.",10,2.99,5,1,2.99,2.99,2.99,0.0,0.0,0.5,3.3799384497407416,-11.536850612491234,0.0,Within observed peer range,Low signal
Safeway_Safeway-DC1_2025-09-04_12:00 EST_18,1-D,Safeway,Safeway-DC1,2025-09-04,12:00 EST,18,"Mission Super Soft Taco Flour Tortillas, 10 ct.",7,2.99,5,1,2.99,2.99,2.99,0.0,0.0,0.5,3.3799384497407416,-11.536850612491234,0.0,Within observed peer range,Low signal
Safeway_Safeway-DC1_2025-09-04_12:00 EST_18,1-E,Safeway,Safeway-DC1,2025-09-04,12:00 EST,18,"Mission Super Soft Taco Flour Tortillas, 10 ct.",3,2.99,5,1,2.99,2.99,2.99,0.0,0.0,0.5,3.3799384497407416,-11.536850612491234,0.0,Within observed peer range,Low signal
Safeway_Safeway-DC1_2025-09-04_12:00 EST_19,1-A,Safeway,Safeway-DC1,2025-09-04,12:00 EST,19,"Oscar Mayer Deli Fresh Honey Smoked Turkey Breast Sliced Sandwich Lunch Meat, 9 oz.",3,4.31,5,4,4.31,4.69,4.89,-8.102345415778267,13.457076566125291,0.0,4.933448378846045,-12.637172439450406,0.0,Within observed peer range,Low signal
Safeway_Safeway-DC1_2025-09-04_12:00 EST_19,1-B,Safeway,Safeway-DC1,2025-09-04,12:00 EST,19,"Oscar Mayer Deli Fresh Honey Smoked Turkey Breast Sliced Sandwich Lunch Meat, 9 oz.",9,4.69,5,4,4.31,4.69,4.89,0.0,13.457076566125291,0.6551724137931048,5.169574119962664,-9.276859347286571,0.0,Within observed peer range,Low signal
Safeway_Safeway-DC1_2025-09-04_12:00 EST_19,1-C,Safeway,Safeway-DC1,2025-09-04,12:00 EST,19,"Oscar Mayer Deli Fresh Honey Smoked Turkey Breast Sliced Sandwich Lunch Meat, 9 oz.",10,4.69,5,4,4.31,4.69,4.89,0.0,13.457076566125291,0.6551724137931048,5.31756884769541,-11.801800139689645,0.0,Within observed peer range,Low signal
Safeway_Safeway-DC1_2025-09-04_12:00 EST_19,1-D,Safeway,Safeway-DC1,2025-09-04,12:00 EST,19,"Oscar Mayer Deli Fresh Honey Smoked Turkey Breast Sliced Sandwich Lunch Meat, 9 oz.",7,4.59,5,4,4.31,4.69,4.89,-2.1321961620469176,13.457076566125291,0.4827586206896555,5.169574119962664,-11.211254670372151,0.0,Within observed peer range,Low signal
Safeway_Safeway-DC1_2025-09-04_12:00 EST_19,1-E,Safeway,Safeway-DC1,2025-09-04,12:00 EST,19,"Oscar Mayer Deli Fresh Honey Smoked Turkey Breast Sliced Sandwich Lunch Meat, 9 oz.",3,4.89,5,4,4.31,4.69,4.89,4.264392324093791,13.457076566125291,1.0,5.169574119962664,-5.408068701115432,17.057569296375164,Slightly above peers,Low signal
Safeway_Safeway-DC1_2025-09-04_12:00 EST_2,1-A,Safeway,Safeway-DC1,2025-09-04,12:00 EST,2,"Signature Farms Carrots, Baby-Cut, Peeled, 16 oz.",3,1.61,5,3,1.61,1.79,1.79,-10.05586592178771,11.18012422360248,0.0,2.6871515233967362,-40.08525436761175,0.0,Within observed peer range,Low signal
Safeway_Safeway-DC1_2025-09-04_12:00 EST_2,1-B,Safeway,Safeway-DC1,2025-09-04,12:00 EST,2,"Signature Farms Carrots, Baby-Cut, Peeled, 16 oz.",9,1.79,5,3,1.61,1.79,1.79,0.0,11.18012422360248,1.0,2.6871515233967362,-33.38671137765531,0.0,Within observed peer range,Low signal
Safeway_Safeway-DC1_2025-09-04_12:00 EST_2,1-C,Safeway,Safeway-DC1,2025-09-04,12:00 EST,2,"Signature Farms Carrots, Baby-Cut, Peeled, 16 oz.",10,1.79,5,3,1.61,1.79,1.79,0.0,11.18012422360248,1.0,2.6871515233967362,-33.38671137765531,0.0,Within observed peer range,Low signal
Safeway_Safeway-DC1_2025-09-04_12:00 EST_2,1-D,Safeway,Safeway-DC1,2025-09-04,12:00 EST,2,"Signature Farms Carrots, Baby-Cut, Peeled, 16 oz.",7,1.69,5,3,1.61,1.79,1.79,-5.586592178770955,11.18012422360248,0.44444444444444375,2.6871515233967362,-37.10812414985334,0.0,Within observed peer range,Low signal
Safeway_Safeway-DC1_2025-09-04_12:00 EST_2,1-E,Safeway,Safeway-DC1,2025-09-04,12:00 EST,2,"Signature Farms Carrots, Baby-Cut, Peeled, 16 oz.",3,1.79,5,3,1.61,1.79,1.79,0.0,11.18012422360248,1.0,2.6871515233967362,-33.38671137765531,0.0,Within observed peer range,Low signal
Safeway_Safeway-DC1_2025-09-04_12:00 EST_20,1-A,Safeway,Safeway-DC1,2025-09-04,12:00 EST,20,"CLIF BAR Chocolate Chip Energy Bars, 10 Energy Bars, 10 x 2.4 oz.",3,19.43,5,3,19.43,21.99,21.99,-11.641655297862663,13.175501801338129,0.0,19.262878670522273,0.8675823190095855,0.0,Within observed peer range,Low signal
Safeway_Safeway-DC1_2025-09-04_12:00 EST_20,1-B,Safeway,Safeway-DC1,2025-09-04,12:00 EST,20,"CLIF BAR Chocolate Chip Energy Bars, 10 Energy Bars, 10 x 2.4 oz.",9,19.99,5,3,19.43,21.99,21.99,-9.09504320145521,13.175501801338129,0.2187499999999996,19.262878670522273,3.7747282839424745,0.0,Within observed peer range,Low signal
Safeway_Safeway-DC1_2025-09-04_12:00 EST_20,1-C,Safeway,Safeway-DC1,2025-09-04,12:00 EST,20,"CLIF BAR Chocolate Chip Energy Bars, 10 Energy Bars, 10 x 2.4 oz.",10,21.99,5,3,19.43,21.99,21.99,0.0,13.175501801338129,1.0,19.262878670522273,14.15739244441696,0.0,Within observed peer range,Low signal
Safeway_Safeway-DC1_2025-09-04_12:00 EST_20,1-D,Safeway,Safeway-DC1,2025-09-04,12:00 EST,20,"CLIF BAR Chocolate Chip Energy Bars, 10 Energy Bars, 10 x 2.4 oz.",7,21.99,5,3,19.43,21.99,21.99,0.0,13.175501801338129,1.0,19.262878670522273,14.15739244441696,0.0,Within observed peer range,Low signal
Safeway_Safeway-DC1_2025-09-04_12:00 EST_20,1-E,Safeway,Safeway-DC1,2025-09-04,12:00 EST,20,"CLIF BAR Chocolate Chip Energy Bars, 10 Energy Bars, 10 x 2.4 oz.",3,21.99,5,3,19.43,21.99,21.99,0.0,13.175501801338129,1.0,19.262878670522273,14.15739244441696,0.0,Within observed peer range,Low signal
Safeway_Safeway-DC1_2025-09-04_12:00 EST_3,1-A,Safeway,Safeway-DC1,2025-09-04,12:00 EST,3,"Cheerios, 8.9 oz.",3,7.34,5,2,7.34,7.99,7.99,-8.135168961201511,8.855585831062674,0.0,11.173647174297415,-34.309721029279494,0.0,Within observed peer range,Low signal
Safeway_Safeway-DC1_2025-09-04_12:00 EST_3,1-B,Safeway,Safeway-DC1,2025-09-04,12:00 EST,3,"Cheerios, 8.9 oz.",9,7.99,5,2,7.34,7.99,7.99,0.0,8.855585831062674,1.0,11.173647174297415,-28.492461992362838,0.0,Within observed peer range,Low signal
Safeway_Safeway-DC1_2025-09-04_12:00 EST_3,1-C,Safeway,Safeway-DC1,2025-09-04,12:00 EST,3,"Cheerios, 8.9 oz.",10,7.99,5,2,7.34,7.99,7.99,0.0,8.855585831062674,1.0,11.173647174297415,-28.492461992362838,0.0,Within observed peer range,Low signal
Safeway_Safeway-DC1_2025-09-04_12:00 EST_3,1-D,Safeway,Safeway-DC1,2025-09-04,12:00 EST,3,"Cheerios, 8.9 oz.",7,7.99,5,2,7.34,7.99,7.99,0.0,8.855585831062674,1.0,11.173647174297415,-28.492461992362838,0.0,Within observed peer range,Low signal
Safeway_Safeway-DC1_2025-09-04_12:00 EST_3,1-E,Safeway,Safeway-DC1,2025-09-04,12:00 EST,3,"Cheerios, 8.9 oz.",3,7.99,5,2,7.34,7.99,7.99,0.0,8.855585831062674,1.0,11.173647174297415,-28.492461992362838,0.0,Within observed peer range,Low signal
Safeway_Safeway-DC1_2025-09-04_12:00 EST_4,1-A,Safeway,Safeway-DC1,2025-09-04,12:00 EST,4,"Kellogg's Corn Flakes, 18 oz.",3,7.01,5,2,7.01,7.99,7.99,-12.265331664580737,13.980028530670477,0.0,7.441944317224246,-5.804186363293762,0.0,Within observed peer range,Low signal
Safeway_Safeway-DC1_2025-09-04_12:00 EST_4,1-B,Safeway,Safeway-DC1,2025-09-04,12:00 EST,4,"Kellogg's Corn Flakes, 18 oz.",9,7.99,5,2,7.01,7.99,7.99,0.0,13.980028530670477,1.0,7.441944317224246,7.364415257814949,0.0,Within observed peer range,Low signal
Safeway_Safeway-DC1_2025-09-04_12:00 EST_4,1-C,Safeway,Safeway-DC1,2025-09-04,12:00 EST,4,"Kellogg's Corn Flakes, 18 oz.",10,7.99,5,2,7.01,7.99,7.99,0.0,13.980028530670477,1.0,7.441944317224246,7.364415257814949,0.0,Within observed peer range,Low signal
Safeway_Safeway-DC1_2025-09-04_12:00 EST_4,1-D,Safeway,Safeway-DC1,2025-09-04,12:00 EST,4,"Kellogg's Corn Flakes, 18 oz.",7,7.99,5,2,7.01,7.99,7.99,0.0,13.980028530670477,1.0,7.441944317224246,7.364415257814949,0.0,Within observed peer range,Low signal
Safeway_Safeway-DC1_2025-09-04_12:00 EST_4,1-E,Safeway,Safeway-DC1,2025-09-04,12:00 EST,4,"Kellogg's Corn Flakes, 18 oz.",3,7.99,5,2,7.01,7.99,7.99,0.0,13.980028530670477,1.0,7.441944317224246,7.364415257814949,0.0,Within observed peer range,Low signal
Safeway_Safeway-DC1_2025-09-04_12:00 EST_5,1-A,Safeway,Safeway-DC1,2025-09-04,12:00 EST,5,"Signature Select Corn Flakes, 18 oz.",3,4.99,5,1,4.99,4.99,4.99,0.0,0.0,0.5,3.4703009525567907,43.7915635623346,0.0,Within observed peer range,Low signal
Safeway_Safeway-DC1_2025-09-04_12:00 EST_5,1-B,Safeway,Safeway-DC1,2025-09-04,12:00 EST,5,"Signature Select Corn Flakes, 18 oz.",9,4.99,5,1,4.99,4.99,4.99,0.0,0.0,0.5,3.4703009525567907,43.7915635623346,0.0,Within observed peer range,Low signal
Safeway_Safeway-DC1_2025-09-04_12:00 EST_5,1-C,Safeway,Safeway-DC1,2025-09-04,12:00 EST,5,"Signature Select Corn Flakes, 18 oz.",10,4.99,5,1,4.99,4.99,4.99,0.0,0.0,0.5,3.4703009525567907,43.7915635623346,0.0,Within observed peer range,Low signal
Safeway_Safeway-DC1_2025-09-04_12:00 EST_5,1-D,Safeway,Safeway-DC1,2025-09-04,12:00 EST,5,"Signature Select Corn Flakes, 18 oz.",7,4.99,5,1,4.99,4.99,4.99,0.0,0.0,0.5,3.4703009525567907,43.7915635623346,0.0,Within observed peer range,Low signal
Safeway_Safeway-DC1_2025-09-04_12:00 EST_5,1-E,Safeway,Safeway-DC1,2025-09-04,12:00 EST,5,"Signature Select Corn Flakes, 18 oz.",3,4.99,5,1,4.99,4.99,4.99,0.0,0.0,0.5,3.4703009525567907,43.7915635623346,0.0,Within observed peer range,Low signal
Safeway_Safeway-DC1_2025-09-04_12:00 EST_6,1-A,Safeway,Safeway-DC1,2025-09-04,12:00 EST,6,"Ruffles Original Potato Chips, Party Size, 13 oz.",3,6.47,5,2,6.47,6.99,6.99,-7.439198855507878,8.037094281298307,0.0,8.939043212144009,-27.620889099067412,0.0,Within observed peer range,Low signal
Safeway_Safeway-DC1_2025-09-04_12:00 EST_6,1-B,Safeway,Safeway-DC1,2025-09-04,12:00 EST,6,"Ruffles Original Potato Chips, Party Size, 13 oz.",9,6.99,5,2,6.47,6.99,6.99,0.0,8.037094281298307,1.0,9.376295917527505,-25.45030509400521,0.0,Within observed peer range,Low signal
Safeway_Safeway-DC1_2025-09-04_12:00 EST_6,1-C,Safeway,Safeway-DC1,2025-09-04,12:00 EST,6,"Ruffles Original Potato Chips, Party Size, 13 oz.",10,6.99,5,2,6.47,6.99,6.99,0.0,8.037094281298307,1.0,9.376295917527505,-25.45030509400521,0.0,Within observed peer range,Low signal
Safeway_Safeway-DC1_2025-09-04_12:00 EST_6,1-D,Safeway,Safeway-DC1,2025-09-04,12:00 EST,6,"Ruffles Original Potato Chips, Party Size, 13 oz.",7,6.99,5,2,6.47,6.99,6.99,0.0,8.037094281298307,1.0,9.376295917527505,-25.45030509400521,0.0,Within observed peer range,Low signal
Safeway_Safeway-DC1_2025-09-04_12:00 EST_6,1-E,Safeway,Safeway-DC1,2025-09-04,12:00 EST,6,"Ruffles Original Potato Chips, Party Size, 13 oz.",3,6.99,5,2,6.47,6.99,6.99,0.0,8.037094281298307,1.0,9.376295917527505,-25.45030509400521,0.0,Within observed peer range,Low signal
Safeway_Safeway-DC1_2025-09-04_12:00 EST_7,1-A,Safeway,Safeway-DC1,2025-09-04,12:00 EST,7,"Premium Original Saltine Crackers, Lunch Snacks, 16 oz.",3,3.99,5,1,3.99,3.99,3.99,0.0,0.0,0.5,4.124389702179981,-3.2584142596648324,0.0,Within observed peer range,Low signal
Safeway_Safeway-DC1_2025-09-04_12:00 EST_7,1-B,Safeway,Safeway-DC1,2025-09-04,12:00 EST,7,"Premium Original Saltine Crackers, Lunch Snacks, 16 oz.",9,3.99,5,1,3.99,3.99,3.99,0.0,0.0,0.5,4.111668516980598,-2.9591032564547426,0.0,Within observed peer range,Low signal
Safeway_Safeway-DC1_2025-09-04_12:00 EST_7,1-C,Safeway,Safeway-DC1,2025-09-04,12:00 EST,7,"Premium Original Saltine Crackers, Lunch Snacks, 16 oz.",10,3.99,5,1,3.99,3.99,3.99,0.0,0.0,0.5,4.131829519020528,-3.4326082034030536,0.0,Within observed peer range,Low signal
Safeway_Safeway-DC1_2025-09-04_12:00 EST_7,1-D,Safeway,Safeway-DC1,2025-09-04,12:00 EST,7,"Premium Original Saltine Crackers, Lunch Snacks, 16 oz.",7,3.99,5,1,3.99,3.99,3.99,0.0,0.0,0.5,4.131829519020528,-3.4326082034030536,0.0,Within observed peer range,Low signal
Safeway_Safeway-DC1_2025-09-04_12:00 EST_7,1-E,Safeway,Safeway-DC1,2025-09-04,12:00 EST,7,"Premium Original Saltine Crackers, Lunch Snacks, 16 oz.",3,3.99,5,1,3.99,3.99,3.99,0.0,0.0,0.5,4.131829519020528,-3.4326082034030536,0.0,Within observed peer range,Low signal
Safeway_Safeway-DC1_2025-09-04_12:00 EST_8,1-A,Safeway,Safeway-DC1,2025-09-04,12:00 EST,8,"Signature Select Saltine Crackers, 16 oz.",3,3.99,5,1,3.99,3.99,3.99,0.0,0.0,0.5,3.3056339182066194,20.703020925095792,0.0,Within observed peer range,Low signal
Safeway_Safeway-DC1_2025-09-04_12:00 EST_8,1-B,Safeway,Safeway-DC1,2025-09-04,12:00 EST,8,"Signature Select Saltine Crackers, 16 oz.",9,3.99,5,1,3.99,3.99,3.99,0.0,0.0,0.5,3.3056339182066194,20.703020925095792,0.0,Within observed peer range,Low signal
Safeway_Safeway-DC1_2025-09-04_12:00 EST_8,1-C,Safeway,Safeway-DC1,2025-09-04,12:00 EST,8,"Signature Select Saltine Crackers, 16 oz.",10,3.99,5,1,3.99,3.99,3.99,0.0,0.0,0.5,3.3056339182066194,20.703020925095792,0.0,Within observed peer range,Low signal
Safeway_Safeway-DC1_2025-09-04_12:00 EST_8,1-D,Safeway,Safeway-DC1,2025-09-04,12:00 EST,8,"Signature Select Saltine Crackers, 16 oz.",7,3.99,5,1,3.99,3.99,3.99,0.0,0.0,0.5,3.3056339182066194,20.703020925095792,0.0,Within observed peer range,Low signal
Safeway_Safeway-DC1_2025-09-04_12:00 EST_8,1-E,Safeway,Safeway-DC1,2025-09-04,12:00 EST,8,"Signature Select Saltine Crackers, 16 oz.",3,3.99,5,1,3.99,3.99,3.99,0.0,0.0,0.5,3.3056339182066194,20.703020925095792,0.0,Within observed peer range,Low signal
Safeway_Safeway-DC1_2025-09-04_12:00 EST_9,1-A,Safeway,Safeway-DC1,2025-09-04,12:00 EST,9,"Wheat Thins Original Snacks, Whole Grain Wheat Crackers, 9 oz.",3,4.31,5,3,4.31,4.89,4.89,-11.860940695296529,13.457076566125291,0.0,5.544552797285457,-22.266048181376842,0.0,Within observed peer range,Low signal
Safeway_Safeway-DC1_2025-09-04_12:00 EST_9,1-B,Safeway,Safeway-DC1,2025-09-04,12:00 EST,9,"Wheat Thins Original Snacks, Whole Grain Wheat Crackers, 9 oz.",9,4.69,5,3,4.31,4.89,4.89,-4.089979550102241,13.457076566125291,0.6551724137931048,5.497098348594627,-14.682261393430728,0.0,Within observed peer range,Low signal
Safeway_Safeway-DC1_2025-09-04_12:00 EST_9,1-C,Safeway,Safeway-DC1,2025-09-04,12:00 EST,9,"Wheat Thins Original Snacks, Whole Grain Wheat Crackers, 9 oz.",10,4.89,5,3,4.31,4.89,4.89,0.0,13.457076566125291,1.0,5.497098348594627,-11.043978297201784,0.0,Within observed peer range,Low signal
Safeway_Safeway-DC1_2025-09-04_12:00 EST_9,1-D,Safeway,Safeway-DC1,2025-09-04,12:00 EST,9,"Wheat Thins Original Snacks, Whole Grain Wheat Crackers, 9 oz.",7,4.89,5,3,4.31,4.89,4.89,0.0,13.457076566125291,1.0,5.497098348594627,-11.043978297201784,0.0,Within observed peer range,Low signal
Safeway_Safeway-DC1_2025-09-04_12:00 EST_9,1-E,Safeway,Safeway-DC1,2025-09-04,12:00 EST,9,"Wheat Thins Original Snacks, Whole Grain Wheat Crackers, 9 oz.",3,4.89,5,3,4.31,4.89,4.89,0.0,13.457076566125291,1.0,5.497098348594627,-11.043978297201784,0.0,Within observed peer range,Low signal
Safeway_Safeway-DC2_2025-09-10_11:00 EST_10,5-A,Safeway,Safeway-DC2,2025-09-10,11:00 EST,10,"Lucerne Eggs, Large, 12 ct.",2,4.69,4,3,4.28,4.59,4.69,2.178649237472774,9.579439252336451,1.0,6.356798530748047,-26.220722942306352,8.714596949891096,Slightly above peers,Low signal
Safeway_Safeway-DC2_2025-09-10_11:00 EST_10,5-B,Safeway,Safeway-DC2,2025-09-10,11:00 EST,10,"Lucerne Eggs, Large, 12 ct.",6,4.59,4,3,4.28,4.59,4.69,0.0,9.579439252336451,0.7560975609756085,6.356798530748047,-27.793841856116465,0.0,Within observed peer range,Low signal
Safeway_Safeway-DC2_2025-09-10_11:00 EST_10,5-C,Safeway,Safeway-DC2,2025-09-10,11:00 EST,10,"Lucerne Eggs, Large, 12 ct.",4,4.59,4,3,4.28,4.59,4.69,0.0,9.579439252336451,0.7560975609756085,6.356798530748047,-27.793841856116465,0.0,Within observed peer range,Low signal
Safeway_Safeway-DC2_2025-09-10_11:00 EST_10,5-D,Safeway,Safeway-DC2,2025-09-10,11:00 EST,10,"Lucerne Eggs, Large, 12 ct.",2,4.28,4,3,4.28,4.59,4.69,-6.753812636165568,9.579439252336451,0.0,6.356798530748047,-32.67051048892776,0.0,Within observed peer range,Low signal
Safeway_Safeway-DC2_2025-09-10_11:00 EST_11,5-A,Safeway,Safeway-DC2,2025-09-10,11:00 EST,11,"KIND Dark Chocolate Nuts & Sea Salt, 6 bars",2,10.99,4,2,10.99,10.99,11.59,0.0,5.459508644222017,0.0,8.23853998441957,33.397422611092395,0.0,Within observed peer range,Low signal
Safeway_Safeway-DC2_2025-09-10_11:00 EST_11,5-B,Safeway,Safeway-DC2,2025-09-10,11:00 EST,11,"KIND Dark Chocolate Nuts & Sea Salt, 6 bars",6,10.99,4,2,10.99,10.99,11.59,0.0,5.459508644222017,0.0,8.987180998411766,22.28528614191896,0.0,Within observed peer range,Low signal
Safeway_Safeway-DC2_2025-09-10_11:00 EST_11,5-C,Safeway,Safeway-DC2,2025-09-10,11:00 EST,11,"KIND Dark Chocolate Nuts & Sea Salt, 6 bars",4,10.99,4,2,10.99,10.99,11.59,0.0,5.459508644222017,0.0,8.987180998411766,22.28528614191896,0.0,Within observed peer range,Low signal
Safeway_Safeway-DC2_2025-09-10_11:00 EST_11,5-D,Safeway,Safeway-DC2,2025-09-10,11:00 EST,11,"KIND Dark Chocolate Nuts & Sea Salt, 6 bars",2,11.59,4,2,10.99,10.99,11.59,5.459508644222022,5.459508644222017,1.0,8.23853998441957,40.680266429714386,21.838034576888088,Noticeably above peers,Moderate signal
Safeway_Safeway-DC2_2025-09-10_11:00 EST_12,5-A,Safeway,Safeway-DC2,2025-09-10,11:00 EST,12,"Heinz Tomato Ketchup, 20 oz.",2,4.99,4,1,4.99,4.99,4.99,0.0,0.0,0.5,5.74772076969019,-13.182978089087506,0.0,Within observed peer range,Low signal
Safeway_Safeway-DC2_2025-09-10_11:00 EST_12,5-B,Safeway,Safeway-DC2,2025-09-10,11:00 EST,12,"Heinz Tomato Ketchup, 20 oz.",6,4.99,4,1,4.99,4.99,4.99,0.0,0.0,0.5,5.5743216033152185,-10.482380545961046,0.0,Within observed peer range,Low signal
Safeway_Safeway-DC2_2025-09-10_11:00 EST_12,5-C,Safeway,Safeway-DC2,2025-09-10,11:00 EST,12,"Heinz Tomato Ketchup, 20 oz.",4,4.99,4,1,4.99,4.99,4.99,0.0,0.0,0.5,5.5743216033152185,-10.482380545961046,0.0,Within observed peer range,Low signal
Safeway_Safeway-DC2_2025-09-10_11:00 EST_12,5-D,Safeway,Safeway-DC2,2025-09-10,11:00 EST,12,"Heinz Tomato Ketchup, 20 oz.",2,4.99,4,1,4.99,4.99,4.99,0.0,0.0,0.5,5.74772076969019,-13.182978089087506,0.0,Within observed peer range,Low signal
Safeway_Safeway-DC2_2025-09-10_11:00 EST_13,5-A,Safeway,Safeway-DC2,2025-09-10,11:00 EST,13,"Quaker 1-Minute Oats, 42 oz.",2,6.99,4,1,6.99,6.99,6.99,0.0,0.0,0.5,7.529142481869476,-7.160742185019819,0.0,Within observed peer range,Low signal
Safeway_Safeway-DC2_2025-09-10_11:00 EST_13,5-B,Safeway,Safeway-DC2,2025-09-10,11:00 EST,13,"Quaker 1-Minute Oats, 42 oz.",6,6.99,4,1,6.99,6.99,6.99,0.0,0.0,0.5,8.249913408969691,-15.271837975897473,0.0,Within observed peer range,Low signal
Safeway_Safeway-DC2_2025-09-10_11:00 EST_13,5-C,Safeway,Safeway-DC2,2025-09-10,11:00 EST,13,"Quaker 1-Minute Oats, 42 oz.",4,6.99,4,1,6.99,6.99,6.99,0.0,0.0,0.5,8.249913408969691,-15.271837975897473,0.0,Within observed peer range,Low signal
Safeway_Safeway-DC2_2025-09-10_11:00 EST_13,5-D,Safeway,Safeway-DC2,2025-09-10,11:00 EST,13,"Quaker 1-Minute Oats, 42 oz.",2,6.99,4,1,6.99,6.99,6.99,0.0,0.0,0.5,7.529142481869476,-7.160742185019819,0.0,Within observed peer range,Low signal
Safeway_Safeway-DC2_2025-09-10_11:00 EST_14,5-A,Safeway,Safeway-DC2,2025-09-10,11:00 EST,14,"Signature Select Quick One Minute Oatmeal, 42 oz.",2,5.99,4,3,5.99,6.39,6.69,-6.2597809076682225,11.686143572621036,0.0,5.509702114382863,8.717311310957054,0.0,Within observed peer range,Low signal
Safeway_Safeway-DC2_2025-09-10_11:00 EST_14,5-B,Safeway,Safeway-DC2,2025-09-10,11:00 EST,14,"Signature Select Quick One Minute Oatmeal, 42 oz.",6,6.39,4,3,5.99,6.39,6.69,0.0,11.686143572621036,0.5714285714285705,5.509702114382863,15.9772319327238,0.0,Within observed peer range,Low signal
Safeway_Safeway-DC2_2025-09-10_11:00 EST_14,5-C,Safeway,Safeway-DC2,2025-09-10,11:00 EST,14,"Signature Select Quick One Minute Oatmeal, 42 oz.",4,6.39,4,3,5.99,6.39,6.69,0.0,11.686143572621036,0.5714285714285705,5.509702114382863,15.9772319327238,0.0,Within observed peer range,Low signal
Safeway_Safeway-DC2_2025-09-10_11:00 EST_14,5-D,Safeway,Safeway-DC2,2025-09-10,11:00 EST,14,"Signature Select Quick One Minute Oatmeal, 42 oz.",2,6.69,4,3,5.99,6.39,6.69,4.694835680751175,11.686143572621036,1.0,5.509702114382863,21.422172399048844,18.7793427230047,Slightly above peers,Low signal
Safeway_Safeway-DC2_2025-09-10_11:00 EST_15,5-A,Safeway,Safeway-DC2,2025-09-10,11:00 EST,15,"Barilla Farfalle, Pasta Made with Durum Wheat, 16 oz.",2,2.69,4,2,2.69,2.69,2.79,0.0,3.7174721189591113,0.0,2.7013230343644725,-0.4191662463329471,0.0,Within observed peer range,Low signal
Safeway_Safeway-DC2_2025-09-10_11:00 EST_15,5-B,Safeway,Safeway-DC2,2025-09-10,11:00 EST,15,"Barilla Farfalle, Pasta Made with Durum Wheat, 16 oz.",6,2.69,4,2,2.69,2.69,2.79,0.0,3.7174721189591113,0.0,2.7013230343644725,-0.4191662463329471,0.0,Within observed peer range,Low signal
Safeway_Safeway-DC2_2025-09-10_11:00 EST_15,5-C,Safeway,Safeway-DC2,2025-09-10,11:00 EST,15,"Barilla Farfalle, Pasta Made with Durum Wheat, 16 oz.",4,2.69,4,2,2.69,2.69,2.79,0.0,3.7174721189591113,0.0,2.7013230343644725,-0.4191662463329471,0.0,Within observed peer range,Low signal
Safeway_Safeway-DC2_2025-09-10_11:00 EST_15,5-D,Safeway,Safeway-DC2,2025-09-10,11:00 EST,15,"Barilla Farfalle, Pasta Made with Durum Wheat, 16 oz.",2,2.79,4,2,2.69,2.69,2.79,3.7174721189591198,3.7174721189591113,1.0,2.7013230343644725,3.282723484286665,14.869888475836479,Slightly above peers,Low signal
Safeway_Safeway-DC2_2025-09-10_11:00 EST_16,5-A,Safeway,Safeway-DC2,2025-09-10,11:00 EST,16,"Signature Select Farfalle, 12 oz.",2,1.49,4,2,1.25,1.49,1.49,0.0,19.2,1.0,2.261094496509485,-34.10270989115427,0.0,Within observed peer range,Low signal
Safeway_Safeway-DC2_2025-09-10_11:00 EST_16,5-B,Safeway,Safeway-DC2,2025-09-10,11:00 EST,16,"Signature Select Farfalle, 12 oz.",6,1.25,4,2,1.25,1.49,1.49,-16.10738255033557,19.2,0.0,2.261094496509485,-44.717038499290496,0.0,Within observed peer range,Low signal
Safeway_Safeway-DC2_2025-09-10_11:00 EST_16,5-C,Safeway,Safeway-DC2,2025-09-10,11:00 EST,16,"Signature Select Farfalle, 12 oz.",4,1.49,4,2,1.25,1.49,1.49,0.0,19.2,1.0,2.261094496509485,-34.10270989115427,0.0,Within observed peer range,Low signal
Safeway_Safeway-DC2_2025-09-10_11:00 EST_16,5-D,Safeway,Safeway-DC2,2025-09-10,11:00 EST,16,"Signature Select Farfalle, 12 oz.",2,1.49,4,2,1.25,1.49,1.49,0.0,19.2,1.0,2.261094496509485,-34.10270989115427,0.0,Within observed peer range,Low signal
Safeway_Safeway-DC2_2025-09-10_11:00 EST_17,5-A,Safeway,Safeway-DC2,2025-09-10,11:00 EST,17,"Skippy Creamy Peanut Butter, 16 oz.",2,4.06,4,2,3.99,3.99,4.06,1.754385964912264,1.7543859649122653,1.0,2.9224368803102574,38.92515617202908,7.017543859649056,Within observed peer range,Low signal
Safeway_Safeway-DC2_2025-09-10_11:00 EST_17,5-B,Safeway,Safeway-DC2,2025-09-10,11:00 EST,17,"Skippy Creamy Peanut Butter, 16 oz.",6,3.99,4,2,3.99,3.99,4.06,0.0,1.7543859649122653,0.0,3.099181847458126,28.743655467409933,0.0,Within observed peer range,Low signal
Safeway_Safeway-DC2_2025-09-10_11:00 EST_17,5-C,Safeway,Safeway-DC2,2025-09-10,11:00 EST,17,"Skippy Creamy Peanut Butter, 16 oz.",4,3.99,4,2,3.99,3.99,4.06,0.0,1.7543859649122653,0.0,3.099181847458126,28.743655467409933,0.0,Within observed peer range,Low signal
Safeway_Safeway-DC2_2025-09-10_11:00 EST_17,5-D,Safeway,Safeway-DC2,2025-09-10,11:00 EST,17,"Skippy Creamy Peanut Butter, 16 oz.",2,3.99,4,2,3.99,3.99,4.06,0.0,1.7543859649122653,0.0,2.9224368803102574,36.52989485871825,0.0,Within observed peer range,Low signal
Safeway_Safeway-DC2_2025-09-10_11:00 EST_18,5-A,Safeway,Safeway-DC2,2025-09-10,11:00 EST,18,"Mission Super Soft Taco Flour Tortillas, 10 ct.",2,4.69,4,2,4.69,4.89,4.89,-4.089979550102241,4.2643923240938015,0.0,3.0416876185449113,54.1907187117266,0.0,Within observed peer range,Low signal
Safeway_Safeway-DC2_2025-09-10_11:00 EST_18,5-B,Safeway,Safeway-DC2,2025-09-10,11:00 EST,18,"Mission Super Soft Taco Flour Tortillas, 10 ct.",6,4.89,4,2,4.69,4.89,4.89,0.0,4.2643923240938015,1.0,3.0416876185449113,60.76601588493453,0.0,Within observed peer range,Low signal
Safeway_Safeway-DC2_2025-09-10_11:00 EST_18,5-C,Safeway,Safeway-DC2,2025-09-10,11:00 EST,18,"Mission Super Soft Taco Flour Tortillas, 10 ct.",4,4.89,4,2,4.69,4.89,4.89,0.0,4.2643923240938015,1.0,3.0416876185449113,60.76601588493453,0.0,Within observed peer range,Low signal
Safeway_Safeway-DC2_2025-09-10_11:00 EST_18,5-D,Safeway,Safeway-DC2,2025-09-10,11:00 EST,18,"Mission Super Soft Taco Flour Tortillas, 10 ct.",2,4.89,4,2,4.69,4.89,4.89,0.0,4.2643923240938015,1.0,3.0416876185449113,60.76601588493453,0.0,Within observed peer range,Low signal
Safeway_Safeway-DC2_2025-09-10_11:00 EST_19,5-A,Safeway,Safeway-DC2,2025-09-10,11:00 EST,19,"Oscar Mayer Deli Fresh Honey Smoked Turkey Breast Sliced Sandwich Lunch Meat, 9 oz.",2,6.99,4,1,6.99,6.99,6.99,0.0,0.0,0.5,5.5823692526791655,25.215650982694605,0.0,Within observed peer range,Low signal
Safeway_Safeway-DC2_2025-09-10_11:00 EST_19,5-B,Safeway,Safeway-DC2,2025-09-10,11:00 EST,19,"Oscar Mayer Deli Fresh Honey Smoked Turkey Breast Sliced Sandwich Lunch Meat, 9 oz.",6,6.99,4,1,6.99,6.99,6.99,0.0,0.0,0.5,5.753947948696457,21.481808009465396,0.0,Within observed peer range,Low signal
Safeway_Safeway-DC2_2025-09-10_11:00 EST_19,5-C,Safeway,Safeway-DC2,2025-09-10,11:00 EST,19,"Oscar Mayer Deli Fresh Honey Smoked Turkey Breast Sliced Sandwich Lunch Meat, 9 oz.",4,6.99,4,1,6.99,6.99,6.99,0.0,0.0,0.5,5.599583837497539,24.830705331913407,0.0,Within observed peer range,Low signal
Safeway_Safeway-DC2_2025-09-10_11:00 EST_19,5-D,Safeway,Safeway-DC2,2025-09-10,11:00 EST,19,"Oscar Mayer Deli Fresh Honey Smoked Turkey Breast Sliced Sandwich Lunch Meat, 9 oz.",2,6.99,4,1,6.99,6.99,6.99,0.0,0.0,0.5,5.756196009245592,21.434363749474073,0.0,Within observed peer range,Low signal
Safeway_Safeway-DC2_2025-09-10_11:00 EST_2,5-A,Safeway,Safeway-DC2,2025-09-10,11:00 EST,2,"Signature Farms Carrots, Baby-Cut, Peeled, 16 oz.",2,1.59,4,2,1.49,1.54,1.59,3.2467532467532534,6.71140939597316,1.0,1.9688075531270373,-19.240456108845226,12.987012987013014,Slightly above peers,Low signal
Safeway_Safeway-DC2_2025-09-10_11:00 EST_2,5-B,Safeway,Safeway-DC2,2025-09-10,11:00 EST,2,"Signature Farms Carrots, Baby-Cut, Peeled, 16 oz.",6,1.49,4,2,1.49,1.54,1.59,-3.2467532467532534,6.71140939597316,0.0,1.9630972791278514,-24.099533128487405,0.0,Within observed peer range,Low signal
Safeway_Safeway-DC2_2025-09-10_11:00 EST_2,5-C,Safeway,Safeway-DC2,2025-09-10,11:00 EST,2,"Signature Farms Carrots, Baby-Cut, Peeled, 16 oz.",4,1.49,4,2,1.49,1.54,1.59,-3.2467532467532534,6.71140939597316,0.0,1.9630972791278514,-24.099533128487405,0.0,Within observed peer range,Low signal
Safeway_Safeway-DC2_2025-09-10_11:00 EST_2,5-D,Safeway,Safeway-DC2,2025-09-10,11:00 EST,2,"Signature Farms Carrots, Baby-Cut, Peeled, 16 oz.",2,1.59,4,2,1.49,1.54,1.59,3.2467532467532534,6.71140939597316,1.0,1.9688075531270373,-19.240456108845226,12.987012987013014,Slightly above peers,Low signal
Safeway_Safeway-DC2_2025-09-10_11:00 EST_20,5-A,Safeway,Safeway-DC2,2025-09-10,11:00 EST,20,"CLIF BAR Chocolate Chip Energy Bars, 10 Energy Bars, 10 x 2.4 oz.",2,15.99,4,2,15.99,16.99,16.99,-5.885815185403165,6.253908692933072,0.0,10.970711721470007,45.75171060877574,0.0,Within observed peer range,Low signal
Safeway_Safeway-DC2_2025-09-10_11:00 EST_20,5-B,Safeway,Safeway-DC2,2025-09-10,11:00 EST,20,"CLIF BAR Chocolate Chip Energy Bars, 10 Energy Bars, 10 x 2.4 oz.",6,16.99,4,2,15.99,16.99,16.99,0.0,6.253908692933072,1.0,6.756787972762443,151.45083830496185,0.0,Within observed peer range,Low signal
Safeway_Safeway-DC2_2025-09-10_11:00 EST_20,5-C,Safeway,Safeway-DC2,2025-09-10,11:00 EST,20,"CLIF BAR Chocolate Chip Energy Bars, 10 Energy Bars, 10 x 2.4 oz.",4,16.99,4,2,15.99,16.99,16.99,0.0,6.253908692933072,1.0,15.184635470177572,11.889416333820723,0.0,Within observed peer range,Low signal
Safeway_Safeway-DC2_2025-09-10_11:00 EST_20,5-D,Safeway,Safeway-DC2,2025-09-10,11:00 EST,20,"CLIF BAR Chocolate Chip Energy Bars, 10 Energy Bars, 10 x 2.4 oz.",2,16.99,4,2,15.99,16.99,16.99,0.0,6.253908692933072,1.0,10.970711721470007,54.86688950863663,0.0,Within observed peer range,Low signal
Safeway_Safeway-DC2_2025-09-10_11:00 EST_3,5-A,Safeway,Safeway-DC2,2025-09-10,11:00 EST,3,"Cheerios, 8.9 oz.",2,5.99,4,3,5.99,6.39,6.69,-6.2597809076682225,11.686143572621036,0.0,9.65615718987734,-37.967041316607954,0.0,Within observed peer range,Low signal
Safeway_Safeway-DC2_2025-09-10_11:00 EST_3,5-B,Safeway,Safeway-DC2,2025-09-10,11:00 EST,3,"Cheerios, 8.9 oz.",6,6.39,4,3,5.99,6.39,6.69,0.0,11.686143572621036,0.5714285714285705,9.587005637865015,-33.34728025232469,0.0,Within observed peer range,Low signal
Safeway_Safeway-DC2_2025-09-10_11:00 EST_3,5-C,Safeway,Safeway-DC2,2025-09-10,11:00 EST,3,"Cheerios, 8.9 oz.",4,6.39,4,3,5.99,6.39,6.69,0.0,11.686143572621036,0.5714285714285705,8.348180467912577,-23.45637442121817,0.0,Within observed peer range,Low signal
Safeway_Safeway-DC2_2025-09-10_11:00 EST_3,5-D,Safeway,Safeway-DC2,2025-09-10,11:00 EST,3,"Cheerios, 8.9 oz.",2,6.69,4,3,5.99,6.39,6.69,4.694835680751175,11.686143572621036,1.0,9.65615718987734,-30.71778070252209,18.7793427230047,Slightly above peers,Low signal
Safeway_Safeway-DC2_2025-09-10_11:00 EST_4,5-A,Safeway,Safeway-DC2,2025-09-10,11:00 EST,4,"Kellogg's Corn Flakes, 18 oz.",2,3.99,4,1,3.99,3.99,3.99,0.0,0.0,0.5,6.085858087787852,-34.43816890823484,0.0,Within observed peer range,Low signal
Safeway_Safeway-DC2_2025-09-10_11:00 EST_4,5-B,Safeway,Safeway-DC2,2025-09-10,11:00 EST,4,"Kellogg's Corn Flakes, 18 oz.",6,3.99,4,1,3.99,3.99,3.99,0.0,0.0,0.5,6.123110822970043,-34.83704418623225,0.0,Within observed peer range,Low signal
Safeway_Safeway-DC2_2025-09-10_11:00 EST_4,5-C,Safeway,Safeway-DC2,2025-09-10,11:00 EST,4,"Kellogg's Corn Flakes, 18 oz.",4,3.99,4,1,3.99,3.99,3.99,0.0,0.0,0.5,6.123110822970043,-34.83704418623225,0.0,Within observed peer range,Low signal
Safeway_Safeway-DC2_2025-09-10_11:00 EST_4,5-D,Safeway,Safeway-DC2,2025-09-10,11:00 EST,4,"Kellogg's Corn Flakes, 18 oz.",2,3.99,4,1,3.99,3.99,3.99,0.0,0.0,0.5,6.085858087787852,-34.43816890823484,0.0,Within observed peer range,Low signal
Safeway_Safeway-DC2_2025-09-10_11:00 EST_5,5-A,Safeway,Safeway-DC2,2025-09-10,11:00 EST,5,"Signature Select Corn Flakes, 18 oz.",2,2.99,4,3,2.99,3.49,3.69,-14.326647564469909,23.411371237458184,0.0,5.629123932516017,-46.88338654744136,0.0,Within observed peer range,Low signal
Safeway_Safeway-DC2_2025-09-10_11:00 EST_5,5-B,Safeway,Safeway-DC2,2025-09-10,11:00 EST,5,"Signature Select Corn Flakes, 18 oz.",6,3.49,4,3,2.99,3.49,3.69,0.0,23.411371237458184,0.7142857142857145,5.629123932516017,-38.00100971590982,0.0,Within observed peer range,Low signal
Safeway_Safeway-DC2_2025-09-10_11:00 EST_5,5-C,Safeway,Safeway-DC2,2025-09-10,11:00 EST,5,"Signature Select Corn Flakes, 18 oz.",4,3.49,4,3,2.99,3.49,3.69,0.0,23.411371237458184,0.7142857142857145,5.629123932516017,-38.00100971590982,0.0,Within observed peer range,Low signal
Safeway_Safeway-DC2_2025-09-10_11:00 EST_5,5-D,Safeway,Safeway-DC2,2025-09-10,11:00 EST,5,"Signature Select Corn Flakes, 18 oz.",2,3.69,4,3,2.99,3.49,3.69,5.730659025787954,23.411371237458184,1.0,5.629123932516017,-34.448058983297216,22.922636103151817,Noticeably above peers,Moderate signal
Safeway_Safeway-DC2_2025-09-10_11:00 EST_6,5-A,Safeway,Safeway-DC2,2025-09-10,11:00 EST,6,"Ruffles Original Potato Chips, Party Size, 13 oz.",2,7.99,4,1,7.99,7.99,7.99,0.0,0.0,0.5,6.80279999700101,17.451637612782413,0.0,Within observed peer range,Low signal
Safeway_Safeway-DC2_2025-09-10_11:00 EST_6,5-B,Safeway,Safeway-DC2,2025-09-10,11:00 EST,6,"Ruffles Original Potato Chips, Party Size, 13 oz.",6,7.99,4,1,7.99,7.99,7.99,0.0,0.0,0.5,7.075081988565414,12.931553484655801,0.0,Within observed peer range,Low signal
Safeway_Safeway-DC2_2025-09-10_11:00 EST_6,5-C,Safeway,Safeway-DC2,2025-09-10,11:00 EST,6,"Ruffles Original Potato Chips, Party Size, 13 oz.",4,7.99,4,1,7.99,7.99,7.99,0.0,0.0,0.5,7.075081988565414,12.931553484655801,0.0,Within observed peer range,Low signal
Safeway_Safeway-DC2_2025-09-10_11:00 EST_6,5-D,Safeway,Safeway-DC2,2025-09-10,11:00 EST,6,"Ruffles Original Potato Chips, Party Size, 13 oz.",2,7.99,4,1,7.99,7.99,7.99,0.0,0.0,0.5,6.80279999700101,17.451637612782413,0.0,Within observed peer range,Low signal
Safeway_Safeway-DC2_2025-09-10_11:00 EST_7,5-A,Safeway,Safeway-DC2,2025-09-10,11:00 EST,7,"Premium Original Saltine Crackers, Lunch Snacks, 16 oz.",2,4.99,4,2,4.99,5.49,5.49,-9.107468123861562,10.020040080160319,0.0,4.324459598758889,15.390140341052593,0.0,Within observed peer range,Low signal
Safeway_Safeway-DC2_2025-09-10_11:00 EST_7,5-B,Safeway,Safeway-DC2,2025-09-10,11:00 EST,7,"Premium Original Saltine Crackers, Lunch Snacks, 16 oz.",6,5.49,4,2,4.99,5.49,5.49,0.0,10.020040080160319,1.0,4.5530271096458605,20.579119513018206,0.0,Within observed peer range,Low signal
Safeway_Safeway-DC2_2025-09-10_11:00 EST_7,5-C,Safeway,Safeway-DC2,2025-09-10,11:00 EST,7,"Premium Original Saltine Crackers, Lunch Snacks, 16 oz.",4,5.49,4,2,4.99,5.49,5.49,0.0,10.020040080160319,1.0,4.5530271096458605,20.579119513018206,0.0,Within observed peer range,Low signal
Safeway_Safeway-DC2_2025-09-10_11:00 EST_7,5-D,Safeway,Safeway-DC2,2025-09-10,11:00 EST,7,"Premium Original Saltine Crackers, Lunch Snacks, 16 oz.",2,5.49,4,2,4.99,5.49,5.49,0.0,10.020040080160319,1.0,4.324459598758889,26.952278651779295,0.0,Within observed peer range,Low signal
Safeway_Safeway-DC2_2025-09-10_11:00 EST_8,5-A,Safeway,Safeway-DC2,2025-09-10,11:00 EST,8,"Signature Select Saltine Crackers, 16 oz.",2,2.99,4,2,2.99,3.69,3.69,-18.970189701897013,23.411371237458184,0.0,3.3146624330386993,-9.794735952676392,0.0,Within observed peer range,Low signal
Safeway_Safeway-DC2_2025-09-10_11:00 EST_8,5-B,Safeway,Safeway-DC2,2025-09-10,11:00 EST,8,"Signature Select Saltine Crackers, 16 oz.",6,3.69,4,2,2.99,3.69,3.69,0.0,23.411371237458184,1.0,3.3146624330386993,11.32355328917194,0.0,Within observed peer range,Low signal
Safeway_Safeway-DC2_2025-09-10_11:00 EST_8,5-C,Safeway,Safeway-DC2,2025-09-10,11:00 EST,8,"Signature Select Saltine Crackers, 16 oz.",4,3.69,4,2,2.99,3.69,3.69,0.0,23.411371237458184,1.0,3.3146624330386993,11.32355328917194,0.0,Within observed peer range,Low signal
Safeway_Safeway-DC2_2025-09-10_11:00 EST_8,5-D,Safeway,Safeway-DC2,2025-09-10,11:00 EST,8,"Signature Select Saltine Crackers, 16 oz.",2,3.69,4,2,2.99,3.69,3.69,0.0,23.411371237458184,1.0,3.3146624330386993,11.32355328917194,0.0,Within observed peer range,Low signal
Safeway_Safeway-DC2_2025-09-10_11:00 EST_9,5-A,Safeway,Safeway-DC2,2025-09-10,11:00 EST,9,"Wheat Thins Original Snacks, Whole Grain Wheat Crackers, 9 oz.",2,4.99,4,1,4.99,4.99,4.99,0.0,0.0,0.5,5.4743022045696925,-8.846829905835662,0.0,Within observed peer range,Low signal
Safeway_Safeway-DC2_2025-09-10_11:00 EST_9,5-B,Safeway,Safeway-DC2,2025-09-10,11:00 EST,9,"Wheat Thins Original Snacks, Whole Grain Wheat Crackers, 9 oz.",6,4.99,4,1,4.99,4.99,4.99,0.0,0.0,0.5,5.407237960094069,-7.716286266173689,0.0,Within observed peer range,Low signal
Safeway_Safeway-DC2_2025-09-10_11:00 EST_9,5-C,Safeway,Safeway-DC2,2025-09-10,11:00 EST,9,"Wheat Thins Original Snacks, Whole Grain Wheat Crackers, 9 oz.",4,4.99,4,1,4.99,4.99,4.99,0.0,0.0,0.5,5.407237960094069,-7.716286266173689,0.0,Within observed peer range,Low signal
Safeway_Safeway-DC2_2025-09-10_11:00 EST_9,5-D,Safeway,Safeway-DC2,2025-09-10,11:00 EST,9,"Wheat Thins Original Snacks, Whole Grain Wheat Crackers, 9 oz.",2,4.99,4,1,4.99,4.99,4.99,0.0,0.0,0.5,5.4743022045696925,-8.846829905835662,0.0,Within observed peer range,Low signal
Safeway_Safeway-WA_2025-09-04_20:00 EST_1,2-A,Safeway,Safeway-WA,2025-09-04,20:00 EST,1,Honeycrisp apples (1 apple),3,2.16,5,3,2.16,2.44,2.44,-11.475409836065564,12.962962962962955,0.0,2.3908846088370046,-9.656869594777861,0.0,Within observed peer range,Low signal
Safeway_Safeway-WA_2025-09-04_20:00 EST_1,2-B,Safeway,Safeway-WA,2025-09-04,20:00 EST,1,Honeycrisp apples (1 apple),9,2.34,5,3,2.16,2.44,2.44,-4.098360655737709,12.962962962962955,0.6428571428571422,2.3908846088370046,-2.1282753943426935,0.0,Within observed peer range,Low signal
Safeway_Safeway-WA_2025-09-04_20:00 EST_1,2-C,Safeway,Safeway-WA,2025-09-04,20:00 EST,1,Honeycrisp apples (1 apple),10,2.44,5,3,2.16,2.44,2.44,0.0,12.962962962962955,1.0,2.3908846088370046,2.054276939232391,0.0,Within observed peer range,Low signal
Safeway_Safeway-WA_2025-09-04_20:00 EST_1,2-D,Safeway,Safeway-WA,2025-09-04,20:00 EST,1,Honeycrisp apples (1 apple),7,2.44,5,3,2.16,2.44,2.44,0.0,12.962962962962955,1.0,2.3908846088370046,2.054276939232391,0.0,Within observed peer range,Low signal
Safeway_Safeway-WA_2025-09-04_20:00 EST_1,2-E,Safeway,Safeway-WA,2025-09-04,20:00 EST,1,Honeycrisp apples (1 apple),3,2.44,5,3,2.16,2.44,2.44,0.0,12.962962962962955,1.0,2.3908846088370046,2.054276939232391,0.0,Within observed peer range,Low signal
Safeway_Safeway-WA_2025-09-04_20:00 EST_10,2-A,Safeway,Safeway-WA,2025-09-04,20:00 EST,10,"Lucerne Eggs, Large, 12 ct.",3,6.47,5,2,6.47,6.99,6.99,-7.439198855507878,8.037094281298307,0.0,6.725525864204456,-3.799344012108441,0.0,Within observed peer range,Low signal
Safeway_Safeway-WA_2025-09-04_20:00 EST_10,2-B,Safeway,Safeway-WA,2025-09-04,20:00 EST,10,"Lucerne Eggs, Large, 12 ct.",9,6.99,5,2,6.47,6.99,6.99,0.0,8.037094281298307,1.0,6.725525864204456,3.932393408865864,0.0,Within observed peer range,Low signal
Safeway_Safeway-WA_2025-09-04_20:00 EST_10,2-C,Safeway,Safeway-WA,2025-09-04,20:00 EST,10,"Lucerne Eggs, Large, 12 ct.",10,6.99,5,2,6.47,6.99,6.99,0.0,8.037094281298307,1.0,6.725525864204456,3.932393408865864,0.0,Within observed peer range,Low signal
Safeway_Safeway-WA_2025-09-04_20:00 EST_10,2-D,Safeway,Safeway-WA,2025-09-04,20:00 EST,10,"Lucerne Eggs, Large, 12 ct.",7,6.99,5,2,6.47,6.99,6.99,0.0,8.037094281298307,1.0,6.725525864204456,3.932393408865864,0.0,Within observed peer range,Low signal
Safeway_Safeway-WA_2025-09-04_20:00 EST_10,2-E,Safeway,Safeway-WA,2025-09-04,20:00 EST,10,"Lucerne Eggs, Large, 12 ct.",3,6.47,5,2,6.47,6.99,6.99,-7.439198855507878,8.037094281298307,0.0,6.725525864204456,-3.799344012108441,0.0,Within observed peer range,Low signal
Safeway_Safeway-WA_2025-09-04_20:00 EST_11,2-A,Safeway,Safeway-WA,2025-09-04,20:00 EST,11,"KIND Dark Chocolate Nuts & Sea Salt, 6 bars",3,10.25,5,3,10.25,10.99,11.59,-6.733393994540493,13.073170731707314,0.0,9.891464434627645,3.6246965021398125,0.0,Within observed peer range,Low signal
Safeway_Safeway-WA_2025-09-04_20:00 EST_11,2-B,Safeway,Safeway-WA,2025-09-04,20:00 EST,11,"KIND Dark Chocolate Nuts & Sea Salt, 6 bars",9,10.99,5,3,10.25,10.99,11.59,0.0,13.073170731707314,0.5522388059701495,9.891464434627645,11.105894103269897,0.0,Within observed peer range,Low signal
Safeway_Safeway-WA_2025-09-04_20:00 EST_11,2-C,Safeway,Safeway-WA,2025-09-04,20:00 EST,11,"KIND Dark Chocolate Nuts & Sea Salt, 6 bars",10,10.99,5,3,10.25,10.99,11.59,0.0,13.073170731707314,0.5522388059701495,10.121081934746961,8.585229038309915,0.0,Within observed peer range,Low signal
Safeway_Safeway-WA_2025-09-04_20:00 EST_11,2-D,Safeway,Safeway-WA,2025-09-04,20:00 EST,11,"KIND Dark Chocolate Nuts & Sea Salt, 6 bars",7,10.99,5,3,10.25,10.99,11.59,0.0,13.073170731707314,0.5522388059701495,10.121081934746961,8.585229038309915,0.0,Within observed peer range,Low signal
Safeway_Safeway-WA_2025-09-04_20:00 EST_11,2-E,Safeway,Safeway-WA,2025-09-04,20:00 EST,11,"KIND Dark Chocolate Nuts & Sea Salt, 6 bars",3,11.59,5,3,10.25,10.99,11.59,5.459508644222022,13.073170731707314,1.0,10.121081934746961,14.513449004004752,21.838034576888088,Noticeably above peers,Moderate signal
Safeway_Safeway-WA_2025-09-04_20:00 EST_12,2-A,Safeway,Safeway-WA,2025-09-04,20:00 EST,12,"Heinz Tomato Ketchup, 20 oz.",3,5.99,5,1,5.99,5.99,5.99,0.0,0.0,0.5,5.825887202000676,2.8169580410511097,0.0,Within observed peer range,Low signal
Safeway_Safeway-WA_2025-09-04_20:00 EST_12,2-B,Safeway,Safeway-WA,2025-09-04,20:00 EST,12,"Heinz Tomato Ketchup, 20 oz.",9,5.99,5,1,5.99,5.99,5.99,0.0,0.0,0.5,5.825887202000676,2.8169580410511097,0.0,Within observed peer range,Low signal
Safeway_Safeway-WA_2025-09-04_20:00 EST_12,2-C,Safeway,Safeway-WA,2025-09-04,20:00 EST,12,"Heinz Tomato Ketchup, 20 oz.",10,5.99,5,1,5.99,5.99,5.99,0.0,0.0,0.5,5.825887202000676,2.8169580410511097,0.0,Within observed peer range,Low signal
Safeway_Safeway-WA_2025-09-04_20:00 EST_12,2-D,Safeway,Safeway-WA,2025-09-04,20:00 EST,12,"Heinz Tomato Ketchup, 20 oz.",7,5.99,5,1,5.99,5.99,5.99,0.0,0.0,0.5,5.825887202000676,2.8169580410511097,0.0,Within observed peer range,Low signal
Safeway_Safeway-WA_2025-09-04_20:00 EST_12,2-E,Safeway,Safeway-WA,2025-09-04,20:00 EST,12,"Heinz Tomato Ketchup, 20 oz.",3,5.99,5,1,5.99,5.99,5.99,0.0,0.0,0.5,5.825887202000676,2.8169580410511097,0.0,Within observed peer range,Low signal
Safeway_Safeway-WA_2025-09-04_20:00 EST_13,2-A,Safeway,Safeway-WA,2025-09-04,20:00 EST,13,"Quaker 1-Minute Oats, 42 oz.",3,8.99,5,2,8.99,8.99,9.79,0.0,8.898776418242479,0.0,8.876592141249011,1.2776058305528082,0.0,Within observed peer range,Low signal
Safeway_Safeway-WA_2025-09-04_20:00 EST_13,2-B,Safeway,Safeway-WA,2025-09-04,20:00 EST,13,"Quaker 1-Minute Oats, 42 oz.",9,8.99,5,2,8.99,8.99,9.79,0.0,8.898776418242479,0.0,8.876592141249011,1.2776058305528082,0.0,Within observed peer range,Low signal
Safeway_Safeway-WA_2025-09-04_20:00 EST_13,2-C,Safeway,Safeway-WA,2025-09-04,20:00 EST,13,"Quaker 1-Minute Oats, 42 oz.",10,8.99,5,2,8.99,8.99,9.79,0.0,8.898776418242479,0.0,8.876592141249011,1.2776058305528082,0.0,Within observed peer range,Low signal
Safeway_Safeway-WA_2025-09-04_20:00 EST_13,2-D,Safeway,Safeway-WA,2025-09-04,20:00 EST,13,"Quaker 1-Minute Oats, 42 oz.",7,8.99,5,2,8.99,8.99,9.79,0.0,8.898776418242479,0.0,8.876592141249011,1.2776058305528082,0.0,Within observed peer range,Low signal
Safeway_Safeway-WA_2025-09-04_20:00 EST_13,2-E,Safeway,Safeway-WA,2025-09-04,20:00 EST,13,"Quaker 1-Minute Oats, 42 oz.",3,9.79,5,2,8.99,8.99,9.79,8.898776418242482,8.898776418242479,1.0,8.5470555901358,14.542369553541779,35.59510567296993,Noticeably above peers,Moderate signal
Safeway_Safeway-WA_2025-09-04_20:00 EST_14,2-A,Safeway,Safeway-WA,2025-09-04,20:00 EST,14,"Signature Select Quick One Minute Oatmeal, 42 oz.",3,6.47,5,2,6.47,6.99,6.99,-7.439198855507878,8.037094281298307,0.0,6.49376420814834,-0.3659542814708483,0.0,Within observed peer range,Low signal
Safeway_Safeway-WA_2025-09-04_20:00 EST_14,2-B,Safeway,Safeway-WA,2025-09-04,20:00 EST,14,"Signature Select Quick One Minute Oatmeal, 42 oz.",9,6.99,5,2,6.47,6.99,6.99,0.0,8.037094281298307,1.0,6.852132181414111,2.012042601277386,0.0,Within observed peer range,Low signal
Safeway_Safeway-WA_2025-09-04_20:00 EST_14,2-C,Safeway,Safeway-WA,2025-09-04,20:00 EST,14,"Signature Select Quick One Minute Oatmeal, 42 oz.",10,6.99,5,2,6.47,6.99,6.99,0.0,8.037094281298307,1.0,6.852132181414111,2.012042601277386,0.0,Within observed peer range,Low signal
Safeway_Safeway-WA_2025-09-04_20:00 EST_14,2-D,Safeway,Safeway-WA,2025-09-04,20:00 EST,14,"Signature Select Quick One Minute Oatmeal, 42 oz.",7,6.99,5,2,6.47,6.99,6.99,0.0,8.037094281298307,1.0,6.852132181414111,2.012042601277386,0.0,Within observed peer range,Low signal
Safeway_Safeway-WA_2025-09-04_20:00 EST_14,2-E,Safeway,Safeway-WA,2025-09-04,20:00 EST,14,"Signature Select Quick One Minute Oatmeal, 42 oz.",3,6.99,5,2,6.47,6.99,6.99,0.0,8.037094281298307,1.0,6.852132181414111,2.012042601277386,0.0,Within observed peer range,Low signal
Safeway_Safeway-WA_2025-09-04_20:00 EST_15,2-A,Safeway,Safeway-WA,2025-09-04,20:00 EST,15,"Barilla Farfalle, Pasta Made with Durum Wheat, 16 oz.",3,2.99,5,1,2.99,2.99,2.99,0.0,0.0,0.5,2.961365544652931,0.9669341699058975,0.0,Within observed peer range,Low signal
Safeway_Safeway-WA_2025-09-04_20:00 EST_15,2-B,Safeway,Safeway-WA,2025-09-04,20:00 EST,15,"Barilla Farfalle, Pasta Made with Durum Wheat, 16 oz.",9,2.99,5,1,2.99,2.99,2.99,0.0,0.0,0.5,2.961365544652931,0.9669341699058975,0.0,Within observed peer range,Low signal
Safeway_Safeway-WA_2025-09-04_20:00 EST_15,2-C,Safeway,Safeway-WA,2025-09-04,20:00 EST,15,"Barilla Farfalle, Pasta Made with Durum Wheat, 16 oz.",10,2.99,5,1,2.99,2.99,2.99,0.0,0.0,0.5,2.961365544652931,0.9669341699058975,0.0,Within observed peer range,Low signal
Safeway_Safeway-WA_2025-09-04_20:00 EST_15,2-D,Safeway,Safeway-WA,2025-09-04,20:00 EST,15,"Barilla Farfalle, Pasta Made with Durum Wheat, 16 oz.",7,2.99,5,1,2.99,2.99,2.99,0.0,0.0,0.5,2.961365544652931,0.9669341699058975,0.0,Within observed peer range,Low signal
Safeway_Safeway-WA_2025-09-04_20:00 EST_15,2-E,Safeway,Safeway-WA,2025-09-04,20:00 EST,15,"Barilla Farfalle, Pasta Made with Durum Wheat, 16 oz.",3,2.99,5,1,2.99,2.99,2.99,0.0,0.0,0.5,2.961365544652931,0.9669341699058975,0.0,Within observed peer range,Low signal
Safeway_Safeway-WA_2025-09-04_20:00 EST_16,2-A,Safeway,Safeway-WA,2025-09-04,20:00 EST,16,"Signature Select Farfalle, 12 oz.",3,1.35,5,2,1.35,1.49,1.49,-9.395973154362414,10.370370370370363,0.0,1.7179790662937975,-21.41929861157388,0.0,Within observed peer range,Low signal
Safeway_Safeway-WA_2025-09-04_20:00 EST_16,2-B,Safeway,Safeway-WA,2025-09-04,20:00 EST,16,"Signature Select Farfalle, 12 oz.",9,1.49,5,2,1.35,1.49,1.49,0.0,10.370370370370363,1.0,1.7179790662937975,-13.27018883795933,0.0,Within observed peer range,Low signal
Safeway_Safeway-WA_2025-09-04_20:00 EST_16,2-C,Safeway,Safeway-WA,2025-09-04,20:00 EST,16,"Signature Select Farfalle, 12 oz.",10,1.49,5,2,1.35,1.49,1.49,0.0,10.370370370370363,1.0,1.7179790662937975,-13.27018883795933,0.0,Within observed peer range,Low signal
Safeway_Safeway-WA_2025-09-04_20:00 EST_16,2-D,Safeway,Safeway-WA,2025-09-04,20:00 EST,16,"Signature Select Farfalle, 12 oz.",7,1.49,5,2,1.35,1.49,1.49,0.0,10.370370370370363,1.0,1.7179790662937975,-13.27018883795933,0.0,Within observed peer range,Low signal
Safeway_Safeway-WA_2025-09-04_20:00 EST_16,2-E,Safeway,Safeway-WA,2025-09-04,20:00 EST,16,"Signature Select Farfalle, 12 oz.",3,1.49,5,2,1.35,1.49,1.49,0.0,10.370370370370363,1.0,1.727708522625712,-13.758601032102968,0.0,Within observed peer range,Low signal
Safeway_Safeway-WA_2025-09-04_20:00 EST_17,2-A,Safeway,Safeway-WA,2025-09-04,20:00 EST,17,"Skippy Creamy Peanut Butter, 16 oz.",3,3.23,5,4,2.99,3.23,3.69,0.0,23.411371237458184,0.34285714285714264,3.247234215341653,-0.5307352102977392,0.0,Within observed peer range,Low signal
Safeway_Safeway-WA_2025-09-04_20:00 EST_17,2-B,Safeway,Safeway-WA,2025-09-04,20:00 EST,17,"Skippy Creamy Peanut Butter, 16 oz.",9,2.99,5,4,2.99,3.23,3.69,-7.430340557275539,23.411371237458184,0.0,3.247234215341653,-7.921640333990776,0.0,Within observed peer range,Low signal
Safeway_Safeway-WA_2025-09-04_20:00 EST_17,2-C,Safeway,Safeway-WA,2025-09-04,20:00 EST,17,"Skippy Creamy Peanut Butter, 16 oz.",10,2.99,5,4,2.99,3.23,3.69,-7.430340557275539,23.411371237458184,0.0,2.9920412446950913,-0.06822247850728491,0.0,Within observed peer range,Low signal
Safeway_Safeway-WA_2025-09-04_20:00 EST_17,2-D,Safeway,Safeway-WA,2025-09-04,20:00 EST,17,"Skippy Creamy Peanut Butter, 16 oz.",7,3.49,5,4,2.99,3.23,3.69,8.049535603715174,23.411371237458184,0.7142857142857145,3.247234215341653,7.476078673703079,32.1981424148607,Noticeably above peers,Moderate signal
Safeway_Safeway-WA_2025-09-04_20:00 EST_17,2-E,Safeway,Safeway-WA,2025-09-04,20:00 EST,17,"Skippy Creamy Peanut Butter, 16 oz.",3,3.69,5,4,2.99,3.23,3.69,14.241486068111463,23.411371237458184,1.0,3.247234215341653,13.635166276780609,56.96594427244585,Substantially above peers,High signal
Safeway_Safeway-WA_2025-09-04_20:00 EST_18,2-A,Safeway,Safeway-WA,2025-09-04,20:00 EST,18,"Mission Super Soft Taco Flour Tortillas, 10 ct.",3,2.99,5,1,2.99,2.99,2.99,0.0,0.0,0.5,3.2230691714382385,-7.231280467190082,0.0,Within observed peer range,Low signal
Safeway_Safeway-WA_2025-09-04_20:00 EST_18,2-B,Safeway,Safeway-WA,2025-09-04,20:00 EST,18,"Mission Super Soft Taco Flour Tortillas, 10 ct.",9,2.99,5,1,2.99,2.99,2.99,0.0,0.0,0.5,3.2230691714382385,-7.231280467190082,0.0,Within observed peer range,Low signal
Safeway_Safeway-WA_2025-09-04_20:00 EST_18,2-C,Safeway,Safeway-WA,2025-09-04,20:00 EST,18,"Mission Super Soft Taco Flour Tortillas, 10 ct.",10,2.99,5,1,2.99,2.99,2.99,0.0,0.0,0.5,3.2230691714382385,-7.231280467190082,0.0,Within observed peer range,Low signal
Safeway_Safeway-WA_2025-09-04_20:00 EST_18,2-D,Safeway,Safeway-WA,2025-09-04,20:00 EST,18,"Mission Super Soft Taco Flour Tortillas, 10 ct.",7,2.99,5,1,2.99,2.99,2.99,0.0,0.0,0.5,3.2230691714382385,-7.231280467190082,0.0,Within observed peer range,Low signal
Safeway_Safeway-WA_2025-09-04_20:00 EST_18,2-E,Safeway,Safeway-WA,2025-09-04,20:00 EST,18,"Mission Super Soft Taco Flour Tortillas, 10 ct.",3,2.99,5,1,2.99,2.99,2.99,0.0,0.0,0.5,3.2230691714382385,-7.231280467190082,0.0,Within observed peer range,Low signal
Safeway_Safeway-WA_2025-09-04_20:00 EST_19,2-A,Safeway,Safeway-WA,2025-09-04,20:00 EST,19,"Oscar Mayer Deli Fresh Honey Smoked Turkey Breast Sliced Sandwich Lunch Meat, 9 oz.",3,4.31,5,4,4.31,4.69,4.89,-8.102345415778267,13.457076566125291,0.0,4.6400392837310624,-7.11285537793287,0.0,Within observed peer range,Low signal
Safeway_Safeway-WA_2025-09-04_20:00 EST_19,2-B,Safeway,Safeway-WA,2025-09-04,20:00 EST,19,"Oscar Mayer Deli Fresh Honey Smoked Turkey Breast Sliced Sandwich Lunch Meat, 9 oz.",9,4.69,5,4,4.31,4.69,4.89,0.0,13.457076566125291,0.6551724137931048,4.442659009715058,5.567408836556331,0.0,Within observed peer range,Low signal
Safeway_Safeway-WA_2025-09-04_20:00 EST_19,2-C,Safeway,Safeway-WA,2025-09-04,20:00 EST,19,"Oscar Mayer Deli Fresh Honey Smoked Turkey Breast Sliced Sandwich Lunch Meat, 9 oz.",10,4.69,5,4,4.31,4.69,4.89,0.0,13.457076566125291,0.6551724137931048,4.58026207480577,2.395887471109037,0.0,Within observed peer range,Low signal
Safeway_Safeway-WA_2025-09-04_20:00 EST_19,2-D,Safeway,Safeway-WA,2025-09-04,20:00 EST,19,"Oscar Mayer Deli Fresh Honey Smoked Turkey Breast Sliced Sandwich Lunch Meat, 9 oz.",7,4.59,5,4,4.31,4.69,4.89,-2.1321961620469176,13.457076566125291,0.4827586206896555,4.442659009715058,3.3165045969708817,0.0,Within observed peer range,Low signal
Safeway_Safeway-WA_2025-09-04_20:00 EST_19,2-E,Safeway,Safeway-WA,2025-09-04,20:00 EST,19,"Oscar Mayer Deli Fresh Honey Smoked Turkey Breast Sliced Sandwich Lunch Meat, 9 oz.",3,4.89,5,4,4.31,4.69,4.89,4.264392324093791,13.457076566125291,1.0,4.442659009715058,10.06921731572714,17.057569296375164,Slightly above peers,Low signal
Safeway_Safeway-WA_2025-09-04_20:00 EST_2,2-A,Safeway,Safeway-WA,2025-09-04,20:00 EST,2,"Signature Farms Carrots, Baby-Cut, Peeled, 16 oz.",3,1.61,5,3,1.61,1.79,1.79,-10.05586592178771,11.18012422360248,0.0,2.7115375749280526,-40.62409406062834,0.0,Within observed peer range,Low signal
Safeway_Safeway-WA_2025-09-04_20:00 EST_2,2-B,Safeway,Safeway-WA,2025-09-04,20:00 EST,2,"Signature Farms Carrots, Baby-Cut, Peeled, 16 oz.",9,1.79,5,3,1.61,1.79,1.79,0.0,11.18012422360248,1.0,2.7115375749280526,-33.98579401771721,0.0,Within observed peer range,Low signal
Safeway_Safeway-WA_2025-09-04_20:00 EST_2,2-C,Safeway,Safeway-WA,2025-09-04,20:00 EST,2,"Signature Farms Carrots, Baby-Cut, Peeled, 16 oz.",10,1.79,5,3,1.61,1.79,1.79,0.0,11.18012422360248,1.0,2.7115375749280526,-33.98579401771721,0.0,Within observed peer range,Low signal
Safeway_Safeway-WA_2025-09-04_20:00 EST_2,2-D,Safeway,Safeway-WA,2025-09-04,20:00 EST,2,"Signature Farms Carrots, Baby-Cut, Peeled, 16 oz.",7,1.69,5,3,1.61,1.79,1.79,-5.586592178770955,11.18012422360248,0.44444444444444375,2.7115375749280526,-37.67373848600117,0.0,Within observed peer range,Low signal
Safeway_Safeway-WA_2025-09-04_20:00 EST_2,2-E,Safeway,Safeway-WA,2025-09-04,20:00 EST,2,"Signature Farms Carrots, Baby-Cut, Peeled, 16 oz.",3,1.79,5,3,1.61,1.79,1.79,0.0,11.18012422360248,1.0,2.7115375749280526,-33.98579401771721,0.0,Within observed peer range,Low signal
Safeway_Safeway-WA_2025-09-04_20:00 EST_20,2-A,Safeway,Safeway-WA,2025-09-04,20:00 EST,20,"CLIF BAR Chocolate Chip Energy Bars, 10 Energy Bars, 10 x 2.4 oz.",3,19.43,5,3,19.43,21.99,21.99,-11.641655297862663,13.175501801338129,0.0,15.687856634065147,23.85375805773893,0.0,Within observed peer range,Low signal
Safeway_Safeway-WA_2025-09-04_20:00 EST_20,2-B,Safeway,Safeway-WA,2025-09-04,20:00 EST,20,"CLIF BAR Chocolate Chip Energy Bars, 10 Energy Bars, 10 x 2.4 oz.",9,19.99,5,3,19.43,21.99,21.99,-9.09504320145521,13.175501801338129,0.2187499999999996,15.687856634065147,27.42339802234699,0.0,Within observed peer range,Low signal
Safeway_Safeway-WA_2025-09-04_20:00 EST_20,2-C,Safeway,Safeway-WA,2025-09-04,20:00 EST,20,"CLIF BAR Chocolate Chip Energy Bars, 10 Energy Bars, 10 x 2.4 oz.",10,21.99,5,3,19.43,21.99,21.99,0.0,13.175501801338129,1.0,15.687856634065147,40.17211218166135,0.0,Within observed peer range,Low signal
Safeway_Safeway-WA_2025-09-04_20:00 EST_20,2-D,Safeway,Safeway-WA,2025-09-04,20:00 EST,20,"CLIF BAR Chocolate Chip Energy Bars, 10 Energy Bars, 10 x 2.4 oz.",7,21.99,5,3,19.43,21.99,21.99,0.0,13.175501801338129,1.0,15.687856634065147,40.17211218166135,0.0,Within observed peer range,Low signal
Safeway_Safeway-WA_2025-09-04_20:00 EST_20,2-E,Safeway,Safeway-WA,2025-09-04,20:00 EST,20,"CLIF BAR Chocolate Chip Energy Bars, 10 Energy Bars, 10 x 2.4 oz.",3,21.99,5,3,19.43,21.99,21.99,0.0,13.175501801338129,1.0,15.687856634065147,40.17211218166135,0.0,Within observed peer range,Low signal
Safeway_Safeway-WA_2025-09-04_20:00 EST_3,2-A,Safeway,Safeway-WA,2025-09-04,20:00 EST,3,"Cheerios, 8.9 oz.",3,7.34,5,2,7.34,7.99,7.99,-8.135168961201511,8.855585831062674,0.0,8.301167031881716,-11.578697648056313,0.0,Within observed peer range,Low signal
Safeway_Safeway-WA_2025-09-04_20:00 EST_3,2-B,Safeway,Safeway-WA,2025-09-04,20:00 EST,3,"Cheerios, 8.9 oz.",9,7.99,5,2,7.34,7.99,7.99,0.0,8.855585831062674,1.0,8.301167031881716,-3.748473325336521,0.0,Within observed peer range,Low signal
Safeway_Safeway-WA_2025-09-04_20:00 EST_3,2-C,Safeway,Safeway-WA,2025-09-04,20:00 EST,3,"Cheerios, 8.9 oz.",10,7.99,5,2,7.34,7.99,7.99,0.0,8.855585831062674,1.0,8.301167031881716,-3.748473325336521,0.0,Within observed peer range,Low signal
Safeway_Safeway-WA_2025-09-04_20:00 EST_3,2-D,Safeway,Safeway-WA,2025-09-04,20:00 EST,3,"Cheerios, 8.9 oz.",7,7.99,5,2,7.34,7.99,7.99,0.0,8.855585831062674,1.0,8.301167031881716,-3.748473325336521,0.0,Within observed peer range,Low signal
Safeway_Safeway-WA_2025-09-04_20:00 EST_3,2-E,Safeway,Safeway-WA,2025-09-04,20:00 EST,3,"Cheerios, 8.9 oz.",3,7.99,5,2,7.34,7.99,7.99,0.0,8.855585831062674,1.0,8.301167031881716,-3.748473325336521,0.0,Within observed peer range,Low signal
Safeway_Safeway-WA_2025-09-04_20:00 EST_4,2-A,Safeway,Safeway-WA,2025-09-04,20:00 EST,4,"Kellogg's Corn Flakes, 18 oz.",3,7.01,5,2,7.01,7.99,7.99,-12.265331664580737,13.980028530670477,0.0,6.981748989557363,0.4046408784517119,0.0,Within observed peer range,Low signal
Safeway_Safeway-WA_2025-09-04_20:00 EST_4,2-B,Safeway,Safeway-WA,2025-09-04,20:00 EST,4,"Kellogg's Corn Flakes, 18 oz.",9,7.99,5,2,7.01,7.99,7.99,0.0,13.980028530670477,1.0,6.981748989557363,14.44123831937647,0.0,Within observed peer range,Low signal
Safeway_Safeway-WA_2025-09-04_20:00 EST_4,2-C,Safeway,Safeway-WA,2025-09-04,20:00 EST,4,"Kellogg's Corn Flakes, 18 oz.",10,7.99,5,2,7.01,7.99,7.99,0.0,13.980028530670477,1.0,6.981748989557363,14.44123831937647,0.0,Within observed peer range,Low signal
Safeway_Safeway-WA_2025-09-04_20:00 EST_4,2-D,Safeway,Safeway-WA,2025-09-04,20:00 EST,4,"Kellogg's Corn Flakes, 18 oz.",7,7.99,5,2,7.01,7.99,7.99,0.0,13.980028530670477,1.0,6.981748989557363,14.44123831937647,0.0,Within observed peer range,Low signal
Safeway_Safeway-WA_2025-09-04_20:00 EST_4,2-E,Safeway,Safeway-WA,2025-09-04,20:00 EST,4,"Kellogg's Corn Flakes, 18 oz.",3,7.99,5,2,7.01,7.99,7.99,0.0,13.980028530670477,1.0,6.981748989557363,14.44123831937647,0.0,Within observed peer range,Low signal
Safeway_Safeway-WA_2025-09-04_20:00 EST_5,2-A,Safeway,Safeway-WA,2025-09-04,20:00 EST,5,"Signature Select Corn Flakes, 18 oz.",3,4.99,5,1,4.99,4.99,4.99,0.0,0.0,0.5,3.4753593377665504,43.582274954245115,0.0,Within observed peer range,Low signal
Safeway_Safeway-WA_2025-09-04_20:00 EST_5,2-B,Safeway,Safeway-WA,2025-09-04,20:00 EST,5,"Signature Select Corn Flakes, 18 oz.",9,4.99,5,1,4.99,4.99,4.99,0.0,0.0,0.5,3.4753593377665504,43.582274954245115,0.0,Within observed peer range,Low signal
Safeway_Safeway-WA_2025-09-04_20:00 EST_5,2-C,Safeway,Safeway-WA,2025-09-04,20:00 EST,5,"Signature Select Corn Flakes, 18 oz.",10,4.99,5,1,4.99,4.99,4.99,0.0,0.0,0.5,3.4753593377665504,43.582274954245115,0.0,Within observed peer range,Low signal
Safeway_Safeway-WA_2025-09-04_20:00 EST_5,2-D,Safeway,Safeway-WA,2025-09-04,20:00 EST,5,"Signature Select Corn Flakes, 18 oz.",7,4.99,5,1,4.99,4.99,4.99,0.0,0.0,0.5,3.4753593377665504,43.582274954245115,0.0,Within observed peer range,Low signal
Safeway_Safeway-WA_2025-09-04_20:00 EST_5,2-E,Safeway,Safeway-WA,2025-09-04,20:00 EST,5,"Signature Select Corn Flakes, 18 oz.",3,4.99,5,1,4.99,4.99,4.99,0.0,0.0,0.5,3.4753593377665504,43.582274954245115,0.0,Within observed peer range,Low signal
Safeway_Safeway-WA_2025-09-04_20:00 EST_6,2-A,Safeway,Safeway-WA,2025-09-04,20:00 EST,6,"Ruffles Original Potato Chips, Party Size, 13 oz.",3,6.47,5,2,6.47,6.99,6.99,-7.439198855507878,8.037094281298307,0.0,7.774073288878993,-16.774646191521047,0.0,Within observed peer range,Low signal
Safeway_Safeway-WA_2025-09-04_20:00 EST_6,2-B,Safeway,Safeway-WA,2025-09-04,20:00 EST,6,"Ruffles Original Potato Chips, Party Size, 13 oz.",9,6.99,5,2,6.47,6.99,6.99,0.0,8.037094281298307,1.0,9.241745558494443,-24.364937816587883,0.0,Within observed peer range,Low signal
Safeway_Safeway-WA_2025-09-04_20:00 EST_6,2-C,Safeway,Safeway-WA,2025-09-04,20:00 EST,6,"Ruffles Original Potato Chips, Party Size, 13 oz.",10,6.99,5,2,6.47,6.99,6.99,0.0,8.037094281298307,1.0,9.241745558494443,-24.364937816587883,0.0,Within observed peer range,Low signal
Safeway_Safeway-WA_2025-09-04_20:00 EST_6,2-D,Safeway,Safeway-WA,2025-09-04,20:00 EST,6,"Ruffles Original Potato Chips, Party Size, 13 oz.",7,6.99,5,2,6.47,6.99,6.99,0.0,8.037094281298307,1.0,9.241745558494443,-24.364937816587883,0.0,Within observed peer range,Low signal
Safeway_Safeway-WA_2025-09-04_20:00 EST_6,2-E,Safeway,Safeway-WA,2025-09-04,20:00 EST,6,"Ruffles Original Potato Chips, Party Size, 13 oz.",3,6.99,5,2,6.47,6.99,6.99,0.0,8.037094281298307,1.0,9.241745558494443,-24.364937816587883,0.0,Within observed peer range,Low signal
Safeway_Safeway-WA_2025-09-04_20:00 EST_7,2-A,Safeway,Safeway-WA,2025-09-04,20:00 EST,7,"Premium Original Saltine Crackers, Lunch Snacks, 16 oz.",3,3.99,5,1,3.99,3.99,3.99,0.0,0.0,0.5,4.334513763875248,-7.948152495131023,0.0,Within observed peer range,Low signal
Safeway_Safeway-WA_2025-09-04_20:00 EST_7,2-B,Safeway,Safeway-WA,2025-09-04,20:00 EST,7,"Premium Original Saltine Crackers, Lunch Snacks, 16 oz.",9,3.99,5,1,3.99,3.99,3.99,0.0,0.0,0.5,4.334513763875248,-7.948152495131023,0.0,Within observed peer range,Low signal
Safeway_Safeway-WA_2025-09-04_20:00 EST_7,2-C,Safeway,Safeway-WA,2025-09-04,20:00 EST,7,"Premium Original Saltine Crackers, Lunch Snacks, 16 oz.",10,3.99,5,1,3.99,3.99,3.99,0.0,0.0,0.5,4.334513763875248,-7.948152495131023,0.0,Within observed peer range,Low signal
Safeway_Safeway-WA_2025-09-04_20:00 EST_7,2-D,Safeway,Safeway-WA,2025-09-04,20:00 EST,7,"Premium Original Saltine Crackers, Lunch Snacks, 16 oz.",7,3.99,5,1,3.99,3.99,3.99,0.0,0.0,0.5,4.334513763875248,-7.948152495131023,0.0,Within observed peer range,Low signal
Safeway_Safeway-WA_2025-09-04_20:00 EST_7,2-E,Safeway,Safeway-WA,2025-09-04,20:00 EST,7,"Premium Original Saltine Crackers, Lunch Snacks, 16 oz.",3,3.99,5,1,3.99,3.99,3.99,0.0,0.0,0.5,4.334513763875248,-7.948152495131023,0.0,Within observed peer range,Low signal
Safeway_Safeway-WA_2025-09-04_20:00 EST_8,2-A,Safeway,Safeway-WA,2025-09-04,20:00 EST,8,"Signature Select Saltine Crackers, 16 oz.",3,3.99,5,1,3.99,3.99,3.99,0.0,0.0,0.5,3.330177656270072,19.813427745742395,0.0,Within observed peer range,Low signal
Safeway_Safeway-WA_2025-09-04_20:00 EST_8,2-B,Safeway,Safeway-WA,2025-09-04,20:00 EST,8,"Signature Select Saltine Crackers, 16 oz.",9,3.99,5,1,3.99,3.99,3.99,0.0,0.0,0.5,3.330177656270072,19.813427745742395,0.0,Within observed peer range,Low signal
Safeway_Safeway-WA_2025-09-04_20:00 EST_8,2-C,Safeway,Safeway-WA,2025-09-04,20:00 EST,8,"Signature Select Saltine Crackers, 16 oz.",10,3.99,5,1,3.99,3.99,3.99,0.0,0.0,0.5,3.330177656270072,19.813427745742395,0.0,Within observed peer range,Low signal
Safeway_Safeway-WA_2025-09-04_20:00 EST_8,2-D,Safeway,Safeway-WA,2025-09-04,20:00 EST,8,"Signature Select Saltine Crackers, 16 oz.",7,3.99,5,1,3.99,3.99,3.99,0.0,0.0,0.5,3.330177656270072,19.813427745742395,0.0,Within observed peer range,Low signal
Safeway_Safeway-WA_2025-09-04_20:00 EST_8,2-E,Safeway,Safeway-WA,2025-09-04,20:00 EST,8,"Signature Select Saltine Crackers, 16 oz.",3,3.99,5,1,3.99,3.99,3.99,0.0,0.0,0.5,3.330177656270072,19.813427745742395,0.0,Within observed peer range,Low signal
Safeway_Safeway-WA_2025-09-04_20:00 EST_9,2-A,Safeway,Safeway-WA,2025-09-04,20:00 EST,9,"Wheat Thins Original Snacks, Whole Grain Wheat Crackers, 9 oz.",3,4.31,5,3,4.31,4.89,4.89,-11.860940695296529,13.457076566125291,0.0,5.140157121871756,-16.150423074411002,0.0,Within observed peer range,Low signal
Safeway_Safeway-WA_2025-09-04_20:00 EST_9,2-B,Safeway,Safeway-WA,2025-09-04,20:00 EST,9,"Wheat Thins Original Snacks, Whole Grain Wheat Crackers, 9 oz.",9,4.69,5,3,4.31,4.89,4.89,-4.089979550102241,13.457076566125291,0.6551724137931048,5.111180337024317,-8.24037324555691,0.0,Within observed peer range,Low signal
Safeway_Safeway-WA_2025-09-04_20:00 EST_9,2-C,Safeway,Safeway-WA,2025-09-04,20:00 EST,9,"Wheat Thins Original Snacks, Whole Grain Wheat Crackers, 9 oz.",10,4.89,5,3,4.31,4.89,4.89,0.0,13.457076566125291,1.0,5.111180337024317,-4.327382765623311,0.0,Within observed peer range,Low signal
Safeway_Safeway-WA_2025-09-04_20:00 EST_9,2-D,Safeway,Safeway-WA,2025-09-04,20:00 EST,9,"Wheat Thins Original Snacks, Whole Grain Wheat Crackers, 9 oz.",7,4.89,5,3,4.31,4.89,4.89,0.0,13.457076566125291,1.0,5.111180337024317,-4.327382765623311,0.0,Within observed peer range,Low signal
Safeway_Safeway-WA_2025-09-04_20:00 EST_9,2-E,Safeway,Safeway-WA,2025-09-04,20:00 EST,9,"Wheat Thins Original Snacks, Whole Grain Wheat Crackers, 9 oz.",3,4.89,5,3,4.31,4.89,4.89,0.0,13.457076566125291,1.0,5.111180337024317,-4.327382765623311,0.0,Within observed peer range,Low signal
Target_Target-MN_2025-09-08_13:00 EST_1,3-A,Target,Target-MN,2025-09-08,13:00 EST,1,Honeycrisp apples (1 apple),15,1.81,7,3,1.79,1.79,1.91,1.1173184357541999,6.703910614525133,0.16666666666666696,1.8264487629277837,-0.9005871536969079,4.4692737430167995,Within observed peer range,Low signal
Target_Target-MN_2025-09-08_13:00 EST_1,3-B,Target,Target-MN,2025-09-08,13:00 EST,1,Honeycrisp apples (1 apple),4,1.81,7,3,1.79,1.79,1.91,1.1173184357541999,6.703910614525133,0.16666666666666696,1.8264487629277837,-0.9005871536969079,4.4692737430167995,Within observed peer range,Low signal
Target_Target-MN_2025-09-08_13:00 EST_1,3-C,Target,Target-MN,2025-09-08,13:00 EST,1,Honeycrisp apples (1 apple),14,1.79,7,3,1.79,1.79,1.91,0.0,6.703910614525133,0.0,1.8264487629277837,-1.9956082901201433,0.0,Within observed peer range,Low signal
Target_Target-MN_2025-09-08_13:00 EST_1,3-D,Target,Target-MN,2025-09-08,13:00 EST,1,Honeycrisp apples (1 apple),4,1.79,7,3,1.79,1.79,1.91,0.0,6.703910614525133,0.0,1.8264487629277837,-1.9956082901201433,0.0,Within observed peer range,Low signal
Target_Target-MN_2025-09-08_13:00 EST_1,3-E,Target,Target-MN,2025-09-08,13:00 EST,1,Honeycrisp apples (1 apple),14,1.79,7,3,1.79,1.79,1.91,0.0,6.703910614525133,0.0,1.8264487629277837,-1.9956082901201433,0.0,Within observed peer range,Low signal
Target_Target-MN_2025-09-08_13:00 EST_1,3-F,Target,Target-MN,2025-09-08,13:00 EST,1,Honeycrisp apples (1 apple),3,1.79,7,3,1.79,1.79,1.91,0.0,6.703910614525133,0.0,1.8264487629277837,-1.9956082901201433,0.0,Within observed peer range,Low signal
Target_Target-MN_2025-09-08_13:00 EST_1,3-G,Target,Target-MN,2025-09-08,13:00 EST,1,Honeycrisp apples (1 apple),3,1.91,7,3,1.79,1.79,1.91,6.703910614525133,6.703910614525133,1.0,1.8264487629277837,4.57451852841928,26.81564245810053,Noticeably above peers,Moderate signal
Target_Target-MN_2025-09-08_13:00 EST_10,3-A,Target,Target-MN,2025-09-08,13:00 EST,10,"Market Pantry Eggs, Large 12 ct.",15,2.99,7,1,2.99,2.99,2.99,0.0,0.0,0.5,3.173810259049827,-5.791469686182693,0.0,Within observed peer range,Low signal
Target_Target-MN_2025-09-08_13:00 EST_10,3-B,Target,Target-MN,2025-09-08,13:00 EST,10,"Market Pantry Eggs, Large 12 ct.",4,2.99,7,1,2.99,2.99,2.99,0.0,0.0,0.5,3.173810259049827,-5.791469686182693,0.0,Within observed peer range,Low signal
Target_Target-MN_2025-09-08_13:00 EST_10,3-C,Target,Target-MN,2025-09-08,13:00 EST,10,"Market Pantry Eggs, Large 12 ct.",14,2.99,7,1,2.99,2.99,2.99,0.0,0.0,0.5,3.173810259049827,-5.791469686182693,0.0,Within observed peer range,Low signal
Target_Target-MN_2025-09-08_13:00 EST_10,3-D,Target,Target-MN,2025-09-08,13:00 EST,10,"Market Pantry Eggs, Large 12 ct.",4,2.99,7,1,2.99,2.99,2.99,0.0,0.0,0.5,3.173810259049827,-5.791469686182693,0.0,Within observed peer range,Low signal
Target_Target-MN_2025-09-08_13:00 EST_10,3-E,Target,Target-MN,2025-09-08,13:00 EST,10,"Market Pantry Eggs, Large 12 ct.",14,2.99,7,1,2.99,2.99,2.99,0.0,0.0,0.5,3.173810259049827,-5.791469686182693,0.0,Within observed peer range,Low signal
Target_Target-MN_2025-09-08_13:00 EST_10,3-F,Target,Target-MN,2025-09-08,13:00 EST,10,"Market Pantry Eggs, Large 12 ct.",3,2.99,7,1,2.99,2.99,2.99,0.0,0.0,0.5,3.173810259049827,-5.791469686182693,0.0,Within observed peer range,Low signal
Target_Target-MN_2025-09-08_13:00 EST_10,3-G,Target,Target-MN,2025-09-08,13:00 EST,10,"Market Pantry Eggs, Large 12 ct.",3,2.99,7,1,2.99,2.99,2.99,0.0,0.0,0.5,3.173810259049827,-5.791469686182693,0.0,Within observed peer range,Low signal
Target_Target-MN_2025-09-08_13:00 EST_11,3-A,Target,Target-MN,2025-09-08,13:00 EST,11,"CLIF Bar Chocolate Chip Energy Bars, 10 Energy Bars, 10 x 2.4 oz.",15,13.99,7,3,13.99,14.49,14.99,-3.450655624568666,7.147962830593281,0.0,15.403413522994994,-9.175975967177507,0.0,Within observed peer range,Low signal
Target_Target-MN_2025-09-08_13:00 EST_11,3-B,Target,Target-MN,2025-09-08,13:00 EST,11,"CLIF Bar Chocolate Chip Energy Bars, 10 Energy Bars, 10 x 2.4 oz.",4,13.99,7,3,13.99,14.49,14.99,-3.450655624568666,7.147962830593281,0.0,15.403413522994994,-9.175975967177507,0.0,Within observed peer range,Low signal
Target_Target-MN_2025-09-08_13:00 EST_11,3-C,Target,Target-MN,2025-09-08,13:00 EST,11,"CLIF Bar Chocolate Chip Energy Bars, 10 Energy Bars, 10 x 2.4 oz.",14,14.49,7,3,13.99,14.49,14.99,0.0,7.147962830593281,0.5,15.403413522994994,-5.929942227619889,0.0,Within observed peer range,Low signal
Target_Target-MN_2025-09-08_13:00 EST_11,3-D,Target,Target-MN,2025-09-08,13:00 EST,11,"CLIF Bar Chocolate Chip Energy Bars, 10 Energy Bars, 10 x 2.4 oz.",4,14.49,7,3,13.99,14.49,14.99,0.0,7.147962830593281,0.5,15.403413522994994,-5.929942227619889,0.0,Within observed peer range,Low signal
Target_Target-MN_2025-09-08_13:00 EST_11,3-E,Target,Target-MN,2025-09-08,13:00 EST,11,"CLIF Bar Chocolate Chip Energy Bars, 10 Energy Bars, 10 x 2.4 oz.",14,14.99,7,3,13.99,14.49,14.99,3.450655624568677,7.147962830593281,1.0,15.403413522994994,-2.6839084880622477,13.802622498274708,Slightly above peers,Low signal
Target_Target-MN_2025-09-08_13:00 EST_11,3-F,Target,Target-MN,2025-09-08,13:00 EST,11,"CLIF Bar Chocolate Chip Energy Bars, 10 Energy Bars, 10 x 2.4 oz.",3,14.99,7,3,13.99,14.49,14.99,3.450655624568677,7.147962830593281,1.0,15.403413522994994,-2.6839084880622477,13.802622498274708,Slightly above peers,Low signal
Target_Target-MN_2025-09-08_13:00 EST_11,3-G,Target,Target-MN,2025-09-08,13:00 EST,11,"CLIF Bar Chocolate Chip Energy Bars, 10 Energy Bars, 10 x 2.4 oz.",3,14.99,7,3,13.99,14.49,14.99,3.450655624568677,7.147962830593281,1.0,15.403413522994994,-2.6839084880622477,13.802622498274708,Slightly above peers,Low signal
Target_Target-MN_2025-09-08_13:00 EST_12,3-A,Target,Target-MN,2025-09-08,13:00 EST,12,"KIND Dark Chocolate Nuts & Sea Salt, 6 bars, 6 x 8 oz.",15,8.99,7,2,8.99,8.99,9.59,0.0,6.674082313681865,0.0,9.03747015893287,-0.5252593712406051,0.0,Within observed peer range,Low signal
Target_Target-MN_2025-09-08_13:00 EST_12,3-B,Target,Target-MN,2025-09-08,13:00 EST,12,"KIND Dark Chocolate Nuts & Sea Salt, 6 bars, 6 x 8 oz.",4,8.99,7,2,8.99,8.99,9.59,0.0,6.674082313681865,0.0,9.03747015893287,-0.5252593712406051,0.0,Within observed peer range,Low signal
Target_Target-MN_2025-09-08_13:00 EST_12,3-C,Target,Target-MN,2025-09-08,13:00 EST,12,"KIND Dark Chocolate Nuts & Sea Salt, 6 bars, 6 x 8 oz.",14,8.99,7,2,8.99,8.99,9.59,0.0,6.674082313681865,0.0,9.03747015893287,-0.5252593712406051,0.0,Within observed peer range,Low signal
Target_Target-MN_2025-09-08_13:00 EST_12,3-D,Target,Target-MN,2025-09-08,13:00 EST,12,"KIND Dark Chocolate Nuts & Sea Salt, 6 bars, 6 x 8 oz.",4,8.99,7,2,8.99,8.99,9.59,0.0,6.674082313681865,0.0,9.03747015893287,-0.5252593712406051,0.0,Within observed peer range,Low signal
Target_Target-MN_2025-09-08_13:00 EST_12,3-E,Target,Target-MN,2025-09-08,13:00 EST,12,"KIND Dark Chocolate Nuts & Sea Salt, 6 bars, 6 x 8 oz.",14,8.99,7,2,8.99,8.99,9.59,0.0,6.674082313681865,0.0,9.03747015893287,-0.5252593712406051,0.0,Within observed peer range,Low signal
Target_Target-MN_2025-09-08_13:00 EST_12,3-F,Target,Target-MN,2025-09-08,13:00 EST,12,"KIND Dark Chocolate Nuts & Sea Salt, 6 bars, 6 x 8 oz.",3,8.99,7,2,8.99,8.99,9.59,0.0,6.674082313681865,0.0,9.03747015893287,-0.5252593712406051,0.0,Within observed peer range,Low signal
Target_Target-MN_2025-09-08_13:00 EST_12,3-G,Target,Target-MN,2025-09-08,13:00 EST,12,"KIND Dark Chocolate Nuts & Sea Salt, 6 bars, 6 x 8 oz.",3,9.59,7,2,8.99,8.99,9.59,6.674082313681873,6.674082313681865,1.0,9.03747015893287,6.113766699644296,26.69632925472749,Noticeably above peers,Moderate signal
Target_Target-MN_2025-09-08_13:00 EST_13,3-A,Target,Target-MN,2025-09-08,13:00 EST,13,"Heinz Tomato Ketchup, 20 oz.",15,3.99,7,2,3.69,3.99,3.99,0.0,8.130081300813014,1.0,4.394255041501905,-9.199626277580265,0.0,Within observed peer range,Low signal
Target_Target-MN_2025-09-08_13:00 EST_13,3-B,Target,Target-MN,2025-09-08,13:00 EST,13,"Heinz Tomato Ketchup, 20 oz.",4,3.99,7,2,3.69,3.99,3.99,0.0,8.130081300813014,1.0,4.394255041501905,-9.199626277580265,0.0,Within observed peer range,Low signal
Target_Target-MN_2025-09-08_13:00 EST_13,3-C,Target,Target-MN,2025-09-08,13:00 EST,13,"Heinz Tomato Ketchup, 20 oz.",14,3.99,7,2,3.69,3.99,3.99,0.0,8.130081300813014,1.0,4.394255041501905,-9.199626277580265,0.0,Within observed peer range,Low signal
Target_Target-MN_2025-09-08_13:00 EST_13,3-D,Target,Target-MN,2025-09-08,13:00 EST,13,"Heinz Tomato Ketchup, 20 oz.",4,3.99,7,2,3.69,3.99,3.99,0.0,8.130081300813014,1.0,4.394255041501905,-9.199626277580265,0.0,Within observed peer range,Low signal
Target_Target-MN_2025-09-08_13:00 EST_13,3-E,Target,Target-MN,2025-09-08,13:00 EST,13,"Heinz Tomato Ketchup, 20 oz.",14,3.69,7,2,3.69,3.99,3.99,-7.518796992481214,8.130081300813014,0.0,4.394255041501905,-16.026722046183263,0.0,Within observed peer range,Low signal
Target_Target-MN_2025-09-08_13:00 EST_13,3-F,Target,Target-MN,2025-09-08,13:00 EST,13,"Heinz Tomato Ketchup, 20 oz.",3,3.69,7,2,3.69,3.99,3.99,-7.518796992481214,8.130081300813014,0.0,4.394255041501905,-16.026722046183263,0.0,Within observed peer range,Low signal
Target_Target-MN_2025-09-08_13:00 EST_13,3-G,Target,Target-MN,2025-09-08,13:00 EST,13,"Heinz Tomato Ketchup, 20 oz.",3,3.99,7,2,3.69,3.99,3.99,0.0,8.130081300813014,1.0,4.394255041501905,-9.199626277580265,0.0,Within observed peer range,Low signal
Target_Target-MN_2025-09-08_13:00 EST_14,3-A,Target,Target-MN,2025-09-08,13:00 EST,14,"Skippy Creamy Peanut Butter, 16 oz.",15,3.79,7,2,3.79,3.79,3.99,0.0,5.277044854881271,0.0,3.9770301933931282,-4.7027602079520054,0.0,Within observed peer range,Low signal
Target_Target-MN_2025-09-08_13:00 EST_14,3-B,Target,Target-MN,2025-09-08,13:00 EST,14,"Skippy Creamy Peanut Butter, 16 oz.",4,3.79,7,2,3.79,3.79,3.99,0.0,5.277044854881271,0.0,3.9770301933931282,-4.7027602079520054,0.0,Within observed peer range,Low signal
Target_Target-MN_2025-09-08_13:00 EST_14,3-C,Target,Target-MN,2025-09-08,13:00 EST,14,"Skippy Creamy Peanut Butter, 16 oz.",14,3.79,7,2,3.79,3.79,3.99,0.0,5.277044854881271,0.0,3.9770301933931282,-4.7027602079520054,0.0,Within observed peer range,Low signal
Target_Target-MN_2025-09-08_13:00 EST_14,3-D,Target,Target-MN,2025-09-08,13:00 EST,14,"Skippy Creamy Peanut Butter, 16 oz.",4,3.79,7,2,3.79,3.79,3.99,0.0,5.277044854881271,0.0,3.9770301933931282,-4.7027602079520054,0.0,Within observed peer range,Low signal
Target_Target-MN_2025-09-08_13:00 EST_14,3-E,Target,Target-MN,2025-09-08,13:00 EST,14,"Skippy Creamy Peanut Butter, 16 oz.",14,3.99,7,2,3.79,3.79,3.99,5.277044854881274,5.277044854881271,1.0,3.9770301933931282,0.32611788133813935,21.108179419525097,Noticeably above peers,Moderate signal
Target_Target-MN_2025-09-08_13:00 EST_14,3-F,Target,Target-MN,2025-09-08,13:00 EST,14,"Skippy Creamy Peanut Butter, 16 oz.",3,3.99,7,2,3.79,3.79,3.99,5.277044854881274,5.277044854881271,1.0,3.9770301933931282,0.32611788133813935,21.108179419525097,Noticeably above peers,Moderate signal
Target_Target-MN_2025-09-08_13:00 EST_14,3-G,Target,Target-MN,2025-09-08,13:00 EST,14,"Skippy Creamy Peanut Butter, 16 oz.",3,3.99,7,2,3.79,3.79,3.99,5.277044854881274,5.277044854881271,1.0,3.9770301933931282,0.32611788133813935,21.108179419525097,Noticeably above peers,Moderate signal
Target_Target-MN_2025-09-08_13:00 EST_15,3-A,Target,Target-MN,2025-09-08,13:00 EST,15,"Quaker 1-Minute Oats, 42 oz.",15,5.99,7,3,5.99,5.99,6.69,0.0,11.686143572621036,0.0,5.2624315858959,13.825707797400977,0.0,Within observed peer range,Low signal
Target_Target-MN_2025-09-08_13:00 EST_15,3-B,Target,Target-MN,2025-09-08,13:00 EST,15,"Quaker 1-Minute Oats, 42 oz.",4,5.99,7,3,5.99,5.99,6.69,0.0,11.686143572621036,0.0,5.2624315858959,13.825707797400977,0.0,Within observed peer range,Low signal
Target_Target-MN_2025-09-08_13:00 EST_15,3-C,Target,Target-MN,2025-09-08,13:00 EST,15,"Quaker 1-Minute Oats, 42 oz.",14,5.99,7,3,5.99,5.99,6.69,0.0,11.686143572621036,0.0,5.2624315858959,13.825707797400977,0.0,Within observed peer range,Low signal
Target_Target-MN_2025-09-08_13:00 EST_15,3-D,Target,Target-MN,2025-09-08,13:00 EST,15,"Quaker 1-Minute Oats, 42 oz.",4,5.99,7,3,5.99,5.99,6.69,0.0,11.686143572621036,0.0,5.2624315858959,13.825707797400977,0.0,Within observed peer range,Low signal
Target_Target-MN_2025-09-08_13:00 EST_15,3-E,Target,Target-MN,2025-09-08,13:00 EST,15,"Quaker 1-Minute Oats, 42 oz.",14,6.69,7,3,5.99,5.99,6.69,11.686143572621033,11.686143572621036,1.0,5.2624315858959,27.12754343315733,46.74457429048413,Substantially above peers,High signal
Target_Target-MN_2025-09-08_13:00 EST_15,3-F,Target,Target-MN,2025-09-08,13:00 EST,15,"Quaker 1-Minute Oats, 42 oz.",3,6.69,7,3,5.99,5.99,6.69,11.686143572621033,11.686143572621036,1.0,5.2624315858959,27.12754343315733,46.74457429048413,Substantially above peers,High signal
Target_Target-MN_2025-09-08_13:00 EST_15,3-G,Target,Target-MN,2025-09-08,13:00 EST,15,"Quaker 1-Minute Oats, 42 oz.",3,6.59,7,3,5.99,5.99,6.69,10.016694490818034,11.686143572621036,0.8571428571428564,5.2624315858959,25.227281199477837,40.06677796327214,Substantially above peers,High signal
Target_Target-MN_2025-09-08_13:00 EST_16,3-A,Target,Target-MN,2025-09-08,13:00 EST,16,"Good & Gather Quick Oats, 42 oz.",15,4.99,7,1,4.99,4.99,4.99,0.0,0.0,0.5,3.1172901329229843,60.074930058596635,0.0,Within observed peer range,Low signal
Target_Target-MN_2025-09-08_13:00 EST_16,3-B,Target,Target-MN,2025-09-08,13:00 EST,16,"Good & Gather Quick Oats, 42 oz.",4,4.99,7,1,4.99,4.99,4.99,0.0,0.0,0.5,3.1172901329229843,60.074930058596635,0.0,Within observed peer range,Low signal
Target_Target-MN_2025-09-08_13:00 EST_16,3-C,Target,Target-MN,2025-09-08,13:00 EST,16,"Good & Gather Quick Oats, 42 oz.",14,4.99,7,1,4.99,4.99,4.99,0.0,0.0,0.5,3.1172901329229843,60.074930058596635,0.0,Within observed peer range,Low signal
Target_Target-MN_2025-09-08_13:00 EST_16,3-D,Target,Target-MN,2025-09-08,13:00 EST,16,"Good & Gather Quick Oats, 42 oz.",4,4.99,7,1,4.99,4.99,4.99,0.0,0.0,0.5,3.1172901329229843,60.074930058596635,0.0,Within observed peer range,Low signal
Target_Target-MN_2025-09-08_13:00 EST_16,3-E,Target,Target-MN,2025-09-08,13:00 EST,16,"Good & Gather Quick Oats, 42 oz.",14,4.99,7,1,4.99,4.99,4.99,0.0,0.0,0.5,3.1172901329229843,60.074930058596635,0.0,Within observed peer range,Low signal
Target_Target-MN_2025-09-08_13:00 EST_16,3-F,Target,Target-MN,2025-09-08,13:00 EST,16,"Good & Gather Quick Oats, 42 oz.",3,4.99,7,1,4.99,4.99,4.99,0.0,0.0,0.5,3.1172901329229843,60.074930058596635,0.0,Within observed peer range,Low signal
Target_Target-MN_2025-09-08_13:00 EST_16,3-G,Target,Target-MN,2025-09-08,13:00 EST,16,"Good & Gather Quick Oats, 42 oz.",3,4.99,7,1,4.99,4.99,4.99,0.0,0.0,0.5,3.1172901329229843,60.074930058596635,0.0,Within observed peer range,Low signal
Target_Target-MN_2025-09-08_13:00 EST_17,3-A,Target,Target-MN,2025-09-08,13:00 EST,17,"Barilla Penne, Non-GMO Pasta Made with Durum Wheat, 16 oz.",15,1.99,7,2,1.69,1.99,1.99,0.0,17.751479289940832,1.0,1.863689244100939,6.777458006954085,0.0,Within observed peer range,Low signal
Target_Target-MN_2025-09-08_13:00 EST_17,3-B,Target,Target-MN,2025-09-08,13:00 EST,17,"Barilla Penne, Non-GMO Pasta Made with Durum Wheat, 16 oz.",4,1.99,7,2,1.69,1.99,1.99,0.0,17.751479289940832,1.0,1.863689244100939,6.777458006954085,0.0,Within observed peer range,Low signal
Target_Target-MN_2025-09-08_13:00 EST_17,3-C,Target,Target-MN,2025-09-08,13:00 EST,17,"Barilla Penne, Non-GMO Pasta Made with Durum Wheat, 16 oz.",14,1.99,7,2,1.69,1.99,1.99,0.0,17.751479289940832,1.0,1.863689244100939,6.777458006954085,0.0,Within observed peer range,Low signal
Target_Target-MN_2025-09-08_13:00 EST_17,3-D,Target,Target-MN,2025-09-08,13:00 EST,17,"Barilla Penne, Non-GMO Pasta Made with Durum Wheat, 16 oz.",4,1.99,7,2,1.69,1.99,1.99,0.0,17.751479289940832,1.0,1.863689244100939,6.777458006954085,0.0,Within observed peer range,Low signal
Target_Target-MN_2025-09-08_13:00 EST_17,3-E,Target,Target-MN,2025-09-08,13:00 EST,17,"Barilla Penne, Non-GMO Pasta Made with Durum Wheat, 16 oz.",14,1.69,7,2,1.69,1.99,1.99,-15.07537688442211,17.751479289940832,0.0,1.863689244100939,-9.319646215199807,0.0,Within observed peer range,Low signal
Target_Target-MN_2025-09-08_13:00 EST_17,3-F,Target,Target-MN,2025-09-08,13:00 EST,17,"Barilla Penne, Non-GMO Pasta Made with Durum Wheat, 16 oz.",3,1.69,7,2,1.69,1.99,1.99,-15.07537688442211,17.751479289940832,0.0,1.863689244100939,-9.319646215199807,0.0,Within observed peer range,Low signal
Target_Target-MN_2025-09-08_13:00 EST_17,3-G,Target,Target-MN,2025-09-08,13:00 EST,17,"Barilla Penne, Non-GMO Pasta Made with Durum Wheat, 16 oz.",3,1.99,7,2,1.69,1.99,1.99,0.0,17.751479289940832,1.0,1.863689244100939,6.777458006954085,0.0,Within observed peer range,Low signal
Target_Target-MN_2025-09-08_13:00 EST_18,3-A,Target,Target-MN,2025-09-08,13:00 EST,18,"Good & Gather Enriched Macaroni Product, Farfalle, 16 oz.",15,1.39,7,3,1.19,1.39,1.43,0.0,20.168067226890756,0.8333333333333331,1.3772677018922892,0.9244606615124384,0.0,Within observed peer range,Low signal
Target_Target-MN_2025-09-08_13:00 EST_18,3-B,Target,Target-MN,2025-09-08,13:00 EST,18,"Good & Gather Enriched Macaroni Product, Farfalle, 16 oz.",4,1.39,7,3,1.19,1.39,1.43,0.0,20.168067226890756,0.8333333333333331,1.3772677018922892,0.9244606615124384,0.0,Within observed peer range,Low signal
Target_Target-MN_2025-09-08_13:00 EST_18,3-C,Target,Target-MN,2025-09-08,13:00 EST,18,"Good & Gather Enriched Macaroni Product, Farfalle, 16 oz.",14,1.39,7,3,1.19,1.39,1.43,0.0,20.168067226890756,0.8333333333333331,1.3772677018922892,0.9244606615124384,0.0,Within observed peer range,Low signal
Target_Target-MN_2025-09-08_13:00 EST_18,3-D,Target,Target-MN,2025-09-08,13:00 EST,18,"Good & Gather Enriched Macaroni Product, Farfalle, 16 oz.",4,1.39,7,3,1.19,1.39,1.43,0.0,20.168067226890756,0.8333333333333331,1.3772677018922892,0.9244606615124384,0.0,Within observed peer range,Low signal
Target_Target-MN_2025-09-08_13:00 EST_18,3-E,Target,Target-MN,2025-09-08,13:00 EST,18,"Good & Gather Enriched Macaroni Product, Farfalle, 16 oz.",14,1.19,7,3,1.19,1.39,1.43,-14.388489208633093,20.168067226890756,0.0,1.3772677018922892,-13.597044469640418,0.0,Within observed peer range,Low signal
Target_Target-MN_2025-09-08_13:00 EST_18,3-F,Target,Target-MN,2025-09-08,13:00 EST,18,"Good & Gather Enriched Macaroni Product, Farfalle, 16 oz.",3,1.19,7,3,1.19,1.39,1.43,-14.388489208633093,20.168067226890756,0.0,1.3772677018922892,-13.597044469640418,0.0,Within observed peer range,Low signal
Target_Target-MN_2025-09-08_13:00 EST_18,3-G,Target,Target-MN,2025-09-08,13:00 EST,18,"Good & Gather Enriched Macaroni Product, Farfalle, 16 oz.",3,1.43,7,3,1.19,1.39,1.43,2.877697841726623,20.168067226890756,1.0,1.3772677018922892,3.828761687743021,11.510791366906492,Slightly above peers,Low signal
Target_Target-MN_2025-09-08_13:00 EST_19,3-A,Target,Target-MN,2025-09-08,13:00 EST,19,"Mission Super Soft Taco Flour Tortillas, 10 ct.",15,2.99,7,1,2.99,2.99,2.99,0.0,0.0,0.5,3.0640620167634225,-2.417118725346634,0.0,Within observed peer range,Low signal
Target_Target-MN_2025-09-08_13:00 EST_19,3-B,Target,Target-MN,2025-09-08,13:00 EST,19,"Mission Super Soft Taco Flour Tortillas, 10 ct.",4,2.99,7,1,2.99,2.99,2.99,0.0,0.0,0.5,3.0640620167634225,-2.417118725346634,0.0,Within observed peer range,Low signal
Target_Target-MN_2025-09-08_13:00 EST_19,3-C,Target,Target-MN,2025-09-08,13:00 EST,19,"Mission Super Soft Taco Flour Tortillas, 10 ct.",14,2.99,7,1,2.99,2.99,2.99,0.0,0.0,0.5,3.0640620167634225,-2.417118725346634,0.0,Within observed peer range,Low signal
Target_Target-MN_2025-09-08_13:00 EST_19,3-D,Target,Target-MN,2025-09-08,13:00 EST,19,"Mission Super Soft Taco Flour Tortillas, 10 ct.",4,2.99,7,1,2.99,2.99,2.99,0.0,0.0,0.5,3.0640620167634225,-2.417118725346634,0.0,Within observed peer range,Low signal
Target_Target-MN_2025-09-08_13:00 EST_19,3-E,Target,Target-MN,2025-09-08,13:00 EST,19,"Mission Super Soft Taco Flour Tortillas, 10 ct.",14,2.99,7,1,2.99,2.99,2.99,0.0,0.0,0.5,3.0640620167634225,-2.417118725346634,0.0,Within observed peer range,Low signal
Target_Target-MN_2025-09-08_13:00 EST_19,3-F,Target,Target-MN,2025-09-08,13:00 EST,19,"Mission Super Soft Taco Flour Tortillas, 10 ct.",3,2.99,7,1,2.99,2.99,2.99,0.0,0.0,0.5,3.0640620167634225,-2.417118725346634,0.0,Within observed peer range,Low signal
Target_Target-MN_2025-09-08_13:00 EST_19,3-G,Target,Target-MN,2025-09-08,13:00 EST,19,"Mission Super Soft Taco Flour Tortillas, 10 ct.",3,2.99,7,1,2.99,2.99,2.99,0.0,0.0,0.5,3.0640620167634225,-2.417118725346634,0.0,Within observed peer range,Low signal
Target_Target-MN_2025-09-08_13:00 EST_2,3-A,Target,Target-MN,2025-09-08,13:00 EST,2,"Good & Gather Baby-Cut Carrots, 16 oz.",15,1.69,7,3,1.69,1.79,1.99,-5.586592178770955,17.751479289940832,0.0,1.7939046025267897,-5.792091863772231,0.0,Within observed peer range,Low signal
Target_Target-MN_2025-09-08_13:00 EST_2,3-B,Target,Target-MN,2025-09-08,13:00 EST,2,"Good & Gather Baby-Cut Carrots, 16 oz.",4,1.99,7,3,1.69,1.79,1.99,11.173184357541889,17.751479289940832,1.0,1.7939046025267897,10.931205438516711,44.692737430167554,Substantially above peers,High signal
Target_Target-MN_2025-09-08_13:00 EST_2,3-C,Target,Target-MN,2025-09-08,13:00 EST,2,"Good & Gather Baby-Cut Carrots, 16 oz.",14,1.69,7,3,1.69,1.79,1.99,-5.586592178770955,17.751479289940832,0.0,1.7939046025267897,-5.792091863772231,0.0,Within observed peer range,Low signal
Target_Target-MN_2025-09-08_13:00 EST_2,3-D,Target,Target-MN,2025-09-08,13:00 EST,2,"Good & Gather Baby-Cut Carrots, 16 oz.",4,1.99,7,3,1.69,1.79,1.99,11.173184357541889,17.751479289940832,1.0,1.7939046025267897,10.931205438516711,44.692737430167554,Substantially above peers,High signal
Target_Target-MN_2025-09-08_13:00 EST_2,3-E,Target,Target-MN,2025-09-08,13:00 EST,2,"Good & Gather Baby-Cut Carrots, 16 oz.",14,1.69,7,3,1.69,1.79,1.99,-5.586592178770955,17.751479289940832,0.0,1.7939046025267897,-5.792091863772231,0.0,Within observed peer range,Low signal
Target_Target-MN_2025-09-08_13:00 EST_2,3-F,Target,Target-MN,2025-09-08,13:00 EST,2,"Good & Gather Baby-Cut Carrots, 16 oz.",3,1.99,7,3,1.69,1.79,1.99,11.173184357541889,17.751479289940832,1.0,1.7939046025267897,10.931205438516711,44.692737430167554,Substantially above peers,High signal
Target_Target-MN_2025-09-08_13:00 EST_2,3-G,Target,Target-MN,2025-09-08,13:00 EST,2,"Good & Gather Baby-Cut Carrots, 16 oz.",3,1.79,7,3,1.69,1.79,1.99,0.0,17.751479289940832,0.3333333333333336,1.7939046025267897,-0.21765942967590934,0.0,Within observed peer range,Low signal
Target_Target-MN_2025-09-08_13:00 EST_20,3-A,Target,Target-MN,2025-09-08,13:00 EST,20,"Oscar Mayer Deli Fresh Honey Smoked Turkey Breast Sliced Sandwich Lunch Meat, 9 oz.",15,4.99,7,3,4.99,4.99,5.79,0.0,16.03206412825651,0.0,5.6628782500348915,-11.88226587832335,0.0,Within observed peer range,Low signal
Target_Target-MN_2025-09-08_13:00 EST_20,3-B,Target,Target-MN,2025-09-08,13:00 EST,20,"Oscar Mayer Deli Fresh Honey Smoked Turkey Breast Sliced Sandwich Lunch Meat, 9 oz.",4,4.99,7,3,4.99,4.99,5.79,0.0,16.03206412825651,0.0,5.6628782500348915,-11.88226587832335,0.0,Within observed peer range,Low signal
Target_Target-MN_2025-09-08_13:00 EST_20,3-C,Target,Target-MN,2025-09-08,13:00 EST,20,"Oscar Mayer Deli Fresh Honey Smoked Turkey Breast Sliced Sandwich Lunch Meat, 9 oz.",14,4.99,7,3,4.99,4.99,5.79,0.0,16.03206412825651,0.0,5.6628782500348915,-11.88226587832335,0.0,Within observed peer range,Low signal
Target_Target-MN_2025-09-08_13:00 EST_20,3-D,Target,Target-MN,2025-09-08,13:00 EST,20,"Oscar Mayer Deli Fresh Honey Smoked Turkey Breast Sliced Sandwich Lunch Meat, 9 oz.",4,4.99,7,3,4.99,4.99,5.79,0.0,16.03206412825651,0.0,5.6628782500348915,-11.88226587832335,0.0,Within observed peer range,Low signal
Target_Target-MN_2025-09-08_13:00 EST_20,3-E,Target,Target-MN,2025-09-08,13:00 EST,20,"Oscar Mayer Deli Fresh Honey Smoked Turkey Breast Sliced Sandwich Lunch Meat, 9 oz.",14,5.59,7,3,4.99,4.99,5.79,12.024048096192374,16.03206412825651,0.7499999999999997,5.6628782500348915,-1.2869471462580329,48.096192384769495,Substantially above peers,High signal
Target_Target-MN_2025-09-08_13:00 EST_20,3-F,Target,Target-MN,2025-09-08,13:00 EST,20,"Oscar Mayer Deli Fresh Honey Smoked Turkey Breast Sliced Sandwich Lunch Meat, 9 oz.",3,5.59,7,3,4.99,4.99,5.79,12.024048096192374,16.03206412825651,0.7499999999999997,5.6628782500348915,-1.2869471462580329,48.096192384769495,Substantially above peers,High signal
Target_Target-MN_2025-09-08_13:00 EST_20,3-G,Target,Target-MN,2025-09-08,13:00 EST,20,"Oscar Mayer Deli Fresh Honey Smoked Turkey Breast Sliced Sandwich Lunch Meat, 9 oz.",3,5.79,7,3,4.99,4.99,5.79,16.032064128256508,16.03206412825651,1.0,5.6628782500348915,2.2448257644303915,64.12825651302603,Substantially above peers,High signal
Target_Target-MN_2025-09-08_13:00 EST_5,3-A,Target,Target-MN,2025-09-08,13:00 EST,5,"Ruffles Original Potato Chips, Party Size, 13 oz.",15,7.69,7,3,7.59,7.69,7.99,0.0,5.27009222661397,0.2500000000000011,6.922380334822939,11.088955359987395,0.0,Within observed peer range,Low signal
Target_Target-MN_2025-09-08_13:00 EST_5,3-B,Target,Target-MN,2025-09-08,13:00 EST,5,"Ruffles Original Potato Chips, Party Size, 13 oz.",4,7.69,7,3,7.59,7.69,7.99,0.0,5.27009222661397,0.2500000000000011,6.922380334822939,11.088955359987395,0.0,Within observed peer range,Low signal
Target_Target-MN_2025-09-08_13:00 EST_5,3-C,Target,Target-MN,2025-09-08,13:00 EST,5,"Ruffles Original Potato Chips, Party Size, 13 oz.",14,7.59,7,3,7.59,7.69,7.99,-1.3003901170351218,5.27009222661397,0.0,6.922380334822939,9.644365563368563,0.0,Within observed peer range,Low signal
Target_Target-MN_2025-09-08_13:00 EST_5,3-D,Target,Target-MN,2025-09-08,13:00 EST,5,"Ruffles Original Potato Chips, Party Size, 13 oz.",4,7.59,7,3,7.59,7.69,7.99,-1.3003901170351218,5.27009222661397,0.0,6.922380334822939,9.644365563368563,0.0,Within observed peer range,Low signal
Target_Target-MN_2025-09-08_13:00 EST_5,3-E,Target,Target-MN,2025-09-08,13:00 EST,5,"Ruffles Original Potato Chips, Party Size, 13 oz.",14,7.99,7,3,7.59,7.69,7.99,3.901170351105332,5.27009222661397,1.0,6.922380334822939,15.422724749843852,15.604681404421328,Slightly above peers,Low signal
Target_Target-MN_2025-09-08_13:00 EST_5,3-F,Target,Target-MN,2025-09-08,13:00 EST,5,"Ruffles Original Potato Chips, Party Size, 13 oz.",3,7.99,7,3,7.59,7.69,7.99,3.901170351105332,5.27009222661397,1.0,6.922380334822939,15.422724749843852,15.604681404421328,Slightly above peers,Low signal
Target_Target-MN_2025-09-08_13:00 EST_5,3-G,Target,Target-MN,2025-09-08,13:00 EST,5,"Ruffles Original Potato Chips, Party Size, 13 oz.",3,7.99,7,3,7.59,7.69,7.99,3.901170351105332,5.27009222661397,1.0,6.922380334822939,15.422724749843852,15.604681404421328,Slightly above peers,Low signal
Target_Target-MN_2025-09-08_13:00 EST_6,3-A,Target,Target-MN,2025-09-08,13:00 EST,6,"Wheat Thins Original Snacks, Whole Grain Wheat Crackers, 8.5 oz.",15,3.99,7,2,3.99,3.99,4.59,0.0,15.037593984962397,0.0,4.06644499770615,-1.879897496443994,0.0,Within observed peer range,Low signal
Target_Target-MN_2025-09-08_13:00 EST_6,3-B,Target,Target-MN,2025-09-08,13:00 EST,6,"Wheat Thins Original Snacks, Whole Grain Wheat Crackers, 8.5 oz.",4,3.99,7,2,3.99,3.99,4.59,0.0,15.037593984962397,0.0,4.06644499770615,-1.879897496443994,0.0,Within observed peer range,Low signal
Target_Target-MN_2025-09-08_13:00 EST_6,3-C,Target,Target-MN,2025-09-08,13:00 EST,6,"Wheat Thins Original Snacks, Whole Grain Wheat Crackers, 8.5 oz.",14,3.99,7,2,3.99,3.99,4.59,0.0,15.037593984962397,0.0,4.06644499770615,-1.879897496443994,0.0,Within observed peer range,Low signal
Target_Target-MN_2025-09-08_13:00 EST_6,3-D,Target,Target-MN,2025-09-08,13:00 EST,6,"Wheat Thins Original Snacks, Whole Grain Wheat Crackers, 8.5 oz.",4,3.99,7,2,3.99,3.99,4.59,0.0,15.037593984962397,0.0,4.06644499770615,-1.879897496443994,0.0,Within observed peer range,Low signal
Target_Target-MN_2025-09-08_13:00 EST_6,3-E,Target,Target-MN,2025-09-08,13:00 EST,6,"Wheat Thins Original Snacks, Whole Grain Wheat Crackers, 8.5 oz.",14,3.99,7,2,3.99,3.99,4.59,0.0,15.037593984962397,0.0,4.06644499770615,-1.879897496443994,0.0,Within observed peer range,Low signal
Target_Target-MN_2025-09-08_13:00 EST_6,3-F,Target,Target-MN,2025-09-08,13:00 EST,6,"Wheat Thins Original Snacks, Whole Grain Wheat Crackers, 8.5 oz.",3,3.99,7,2,3.99,3.99,4.59,0.0,15.037593984962397,0.0,4.06644499770615,-1.879897496443994,0.0,Within observed peer range,Low signal
Target_Target-MN_2025-09-08_13:00 EST_6,3-G,Target,Target-MN,2025-09-08,13:00 EST,6,"Wheat Thins Original Snacks, Whole Grain Wheat Crackers, 8.5 oz.",3,4.59,7,2,3.99,3.99,4.59,15.037593984962406,15.037593984962397,1.0,4.06644499770615,12.875005135669682,60.150375939849624,Substantially above peers,High signal
Target_Target-MN_2025-09-08_13:00 EST_7,3-A,Target,Target-MN,2025-09-08,13:00 EST,7,"Premium Original Saltine Crackers, Lunch Snacks, 16 oz.",15,3.99,7,2,3.99,3.99,4.59,0.0,15.037593984962397,0.0,4.196671760997519,-4.924658700217099,0.0,Within observed peer range,Low signal
Target_Target-MN_2025-09-08_13:00 EST_7,3-B,Target,Target-MN,2025-09-08,13:00 EST,7,"Premium Original Saltine Crackers, Lunch Snacks, 16 oz.",4,3.99,7,2,3.99,3.99,4.59,0.0,15.037593984962397,0.0,4.196671760997519,-4.924658700217099,0.0,Within observed peer range,Low signal
Target_Target-MN_2025-09-08_13:00 EST_7,3-C,Target,Target-MN,2025-09-08,13:00 EST,7,"Premium Original Saltine Crackers, Lunch Snacks, 16 oz.",14,3.99,7,2,3.99,3.99,4.59,0.0,15.037593984962397,0.0,4.196671760997519,-4.924658700217099,0.0,Within observed peer range,Low signal
Target_Target-MN_2025-09-08_13:00 EST_7,3-D,Target,Target-MN,2025-09-08,13:00 EST,7,"Premium Original Saltine Crackers, Lunch Snacks, 16 oz.",4,3.99,7,2,3.99,3.99,4.59,0.0,15.037593984962397,0.0,4.196671760997519,-4.924658700217099,0.0,Within observed peer range,Low signal
Target_Target-MN_2025-09-08_13:00 EST_7,3-E,Target,Target-MN,2025-09-08,13:00 EST,7,"Premium Original Saltine Crackers, Lunch Snacks, 16 oz.",14,3.99,7,2,3.99,3.99,4.59,0.0,15.037593984962397,0.0,4.196671760997519,-4.924658700217099,0.0,Within observed peer range,Low signal
Target_Target-MN_2025-09-08_13:00 EST_7,3-F,Target,Target-MN,2025-09-08,13:00 EST,7,"Premium Original Saltine Crackers, Lunch Snacks, 16 oz.",3,3.99,7,2,3.99,3.99,4.59,0.0,15.037593984962397,0.0,4.196671760997519,-4.924658700217099,0.0,Within observed peer range,Low signal
Target_Target-MN_2025-09-08_13:00 EST_7,3-G,Target,Target-MN,2025-09-08,13:00 EST,7,"Premium Original Saltine Crackers, Lunch Snacks, 16 oz.",3,4.59,7,2,3.99,3.99,4.59,15.037593984962406,15.037593984962397,1.0,4.196671760997519,9.372385104261527,60.150375939849624,Substantially above peers,High signal
Target_Target-MN_2025-09-08_13:00 EST_8,3-A,Target,Target-MN,2025-09-08,13:00 EST,8,"Market Pantry Crackers, Saltine, 16 oz.",15,1.99,7,1,1.99,1.99,1.99,0.0,0.0,0.5,2.227946242816995,-10.680071100644605,0.0,Within observed peer range,Low signal
Target_Target-MN_2025-09-08_13:00 EST_8,3-B,Target,Target-MN,2025-09-08,13:00 EST,8,"Market Pantry Crackers, Saltine, 16 oz.",4,1.99,7,1,1.99,1.99,1.99,0.0,0.0,0.5,2.227946242816995,-10.680071100644605,0.0,Within observed peer range,Low signal
Target_Target-MN_2025-09-08_13:00 EST_8,3-C,Target,Target-MN,2025-09-08,13:00 EST,8,"Market Pantry Crackers, Saltine, 16 oz.",14,1.99,7,1,1.99,1.99,1.99,0.0,0.0,0.5,2.227946242816995,-10.680071100644605,0.0,Within observed peer range,Low signal
Target_Target-MN_2025-09-08_13:00 EST_8,3-D,Target,Target-MN,2025-09-08,13:00 EST,8,"Market Pantry Crackers, Saltine, 16 oz.",4,1.99,7,1,1.99,1.99,1.99,0.0,0.0,0.5,2.227946242816995,-10.680071100644605,0.0,Within observed peer range,Low signal
Target_Target-MN_2025-09-08_13:00 EST_8,3-E,Target,Target-MN,2025-09-08,13:00 EST,8,"Market Pantry Crackers, Saltine, 16 oz.",14,1.99,7,1,1.99,1.99,1.99,0.0,0.0,0.5,2.227946242816995,-10.680071100644605,0.0,Within observed peer range,Low signal
Target_Target-MN_2025-09-08_13:00 EST_8,3-F,Target,Target-MN,2025-09-08,13:00 EST,8,"Market Pantry Crackers, Saltine, 16 oz.",3,1.99,7,1,1.99,1.99,1.99,0.0,0.0,0.5,2.227946242816995,-10.680071100644605,0.0,Within observed peer range,Low signal
Target_Target-MN_2025-09-08_13:00 EST_8,3-G,Target,Target-MN,2025-09-08,13:00 EST,8,"Market Pantry Crackers, Saltine, 16 oz.",3,1.99,7,1,1.99,1.99,1.99,0.0,0.0,0.5,2.227946242816995,-10.680071100644605,0.0,Within observed peer range,Low signal
Target_Target-MN_2025-09-08_13:00 EST_9,3-A,Target,Target-MN,2025-09-08,13:00 EST,9,"General Mills Cheerios, 8.09 oz.",15,3.99,7,2,3.99,3.99,4.59,0.0,15.037593984962397,0.0,5.959927215308457,-33.0528737037018,0.0,Within observed peer range,Low signal
Target_Target-MN_2025-09-08_13:00 EST_9,3-B,Target,Target-MN,2025-09-08,13:00 EST,9,"General Mills Cheerios, 8.09 oz.",4,3.99,7,2,3.99,3.99,4.59,0.0,15.037593984962397,0.0,5.959927215308457,-33.0528737037018,0.0,Within observed peer range,Low signal
Target_Target-MN_2025-09-08_13:00 EST_9,3-C,Target,Target-MN,2025-09-08,13:00 EST,9,"General Mills Cheerios, 8.09 oz.",14,3.99,7,2,3.99,3.99,4.59,0.0,15.037593984962397,0.0,5.959927215308457,-33.0528737037018,0.0,Within observed peer range,Low signal
Target_Target-MN_2025-09-08_13:00 EST_9,3-D,Target,Target-MN,2025-09-08,13:00 EST,9,"General Mills Cheerios, 8.09 oz.",4,3.99,7,2,3.99,3.99,4.59,0.0,15.037593984962397,0.0,5.959927215308457,-33.0528737037018,0.0,Within observed peer range,Low signal
Target_Target-MN_2025-09-08_13:00 EST_9,3-E,Target,Target-MN,2025-09-08,13:00 EST,9,"General Mills Cheerios, 8.09 oz.",14,4.59,7,2,3.99,3.99,4.59,15.037593984962406,15.037593984962397,1.0,5.959927215308457,-22.98563666666449,60.150375939849624,Substantially above peers,High signal
Target_Target-MN_2025-09-08_13:00 EST_9,3-F,Target,Target-MN,2025-09-08,13:00 EST,9,"General Mills Cheerios, 8.09 oz.",3,4.59,7,2,3.99,3.99,4.59,15.037593984962406,15.037593984962397,1.0,5.959927215308457,-22.98563666666449,60.150375939849624,Substantially above peers,High signal
Target_Target-MN_2025-09-08_13:00 EST_9,3-G,Target,Target-MN,2025-09-08,13:00 EST,9,"General Mills Cheerios, 8.09 oz.",3,4.59,7,2,3.99,3.99,4.59,15.037593984962406,15.037593984962397,1.0,5.959927215308457,-22.98563666666449,60.150375939849624,Substantially above peers,High signal
Target_Target-OH_2025-09-09_16:00 EST_1,4-A,Target,Target-OH,2025-09-09,16:00 EST,1,Honeycrisp apples (1 apple),12,1.81,4,3,1.79,1.8,1.91,0.5555555555555536,6.703910614525133,0.16666666666666696,1.8432241566426266,-1.8025022362523346,2.2222222222222143,Within observed peer range,Low signal
Target_Target-OH_2025-09-09_16:00 EST_1,4-B,Target,Target-OH,2025-09-09,16:00 EST,1,Honeycrisp apples (1 apple),12,1.79,4,3,1.79,1.8,1.91,-0.5555555555555536,6.703910614525133,0.0,1.8432241566426266,-2.8875574601611387,0.0,Within observed peer range,Low signal
Target_Target-OH_2025-09-09_16:00 EST_1,4-C,Target,Target-OH,2025-09-09,16:00 EST,1,Honeycrisp apples (1 apple),9,1.79,4,3,1.79,1.8,1.91,-0.5555555555555536,6.703910614525133,0.0,1.8432241566426266,-2.8875574601611387,0.0,Within observed peer range,Low signal
Target_Target-OH_2025-09-09_16:00 EST_1,4-D,Target,Target-OH,2025-09-09,16:00 EST,1,Honeycrisp apples (1 apple),5,1.91,4,3,1.79,1.8,1.91,6.111111111111112,6.703910614525133,1.0,1.8432241566426266,3.62277388329173,24.444444444444446,Noticeably above peers,Moderate signal
Target_Target-OH_2025-09-09_16:00 EST_10,4-A,Target,Target-OH,2025-09-09,16:00 EST,10,"Market Pantry Eggs, Large 12 ct.",12,2.99,4,1,2.99,2.99,2.99,0.0,0.0,0.5,3.246352329775952,-7.896626851763933,0.0,Within observed peer range,Low signal
Target_Target-OH_2025-09-09_16:00 EST_10,4-B,Target,Target-OH,2025-09-09,16:00 EST,10,"Market Pantry Eggs, Large 12 ct.",12,2.99,4,1,2.99,2.99,2.99,0.0,0.0,0.5,3.246352329775952,-7.896626851763933,0.0,Within observed peer range,Low signal
Target_Target-OH_2025-09-09_16:00 EST_10,4-C,Target,Target-OH,2025-09-09,16:00 EST,10,"Market Pantry Eggs, Large 12 ct.",9,2.99,4,1,2.99,2.99,2.99,0.0,0.0,0.5,3.246352329775952,-7.896626851763933,0.0,Within observed peer range,Low signal
Target_Target-OH_2025-09-09_16:00 EST_10,4-D,Target,Target-OH,2025-09-09,16:00 EST,10,"Market Pantry Eggs, Large 12 ct.",5,2.99,4,1,2.99,2.99,2.99,0.0,0.0,0.5,3.246352329775952,-7.896626851763933,0.0,Within observed peer range,Low signal
Target_Target-OH_2025-09-09_16:00 EST_11,4-A,Target,Target-OH,2025-09-09,16:00 EST,11,"CLIF Bar Chocolate Chip Energy Bars, 10 Energy Bars, 10 x 2.4 oz.",12,13.99,4,3,13.99,14.74,14.99,-5.0881953867028535,7.147962830593281,0.0,14.782229016673933,-5.359333939288325,0.0,Within observed peer range,Low signal
Target_Target-OH_2025-09-09_16:00 EST_11,4-B,Target,Target-OH,2025-09-09,16:00 EST,11,"CLIF Bar Chocolate Chip Energy Bars, 10 Energy Bars, 10 x 2.4 oz.",12,14.49,4,3,13.99,14.74,14.99,-1.6960651289009476,7.147962830593281,0.5,14.782229016673933,-1.9768941229655446,0.0,Within observed peer range,Low signal
Target_Target-OH_2025-09-09_16:00 EST_11,4-C,Target,Target-OH,2025-09-09,16:00 EST,11,"CLIF Bar Chocolate Chip Energy Bars, 10 Energy Bars, 10 x 2.4 oz.",9,14.99,4,3,13.99,14.74,14.99,1.6960651289009476,7.147962830593281,1.0,14.782229016673933,1.4055456933572463,6.7842605156037905,Within observed peer range,Low signal
Target_Target-OH_2025-09-09_16:00 EST_11,4-D,Target,Target-OH,2025-09-09,16:00 EST,11,"CLIF Bar Chocolate Chip Energy Bars, 10 Energy Bars, 10 x 2.4 oz.",5,14.99,4,3,13.99,14.74,14.99,1.6960651289009476,7.147962830593281,1.0,14.782229016673933,1.4055456933572463,6.7842605156037905,Within observed peer range,Low signal
Target_Target-OH_2025-09-09_16:00 EST_12,4-A,Target,Target-OH,2025-09-09,16:00 EST,12,"KIND Dark Chocolate Nuts & Sea Salt, 6 bars, 6 x 8 oz.",12,8.99,4,2,8.99,8.99,9.59,0.0,6.674082313681865,0.0,8.394515356160916,7.093734641893845,0.0,Within observed peer range,Low signal
Target_Target-OH_2025-09-09_16:00 EST_12,4-B,Target,Target-OH,2025-09-09,16:00 EST,12,"KIND Dark Chocolate Nuts & Sea Salt, 6 bars, 6 x 8 oz.",12,8.99,4,2,8.99,8.99,9.59,0.0,6.674082313681865,0.0,8.394515356160916,7.093734641893845,0.0,Within observed peer range,Low signal
Target_Target-OH_2025-09-09_16:00 EST_12,4-C,Target,Target-OH,2025-09-09,16:00 EST,12,"KIND Dark Chocolate Nuts & Sea Salt, 6 bars, 6 x 8 oz.",9,8.99,4,2,8.99,8.99,9.59,0.0,6.674082313681865,0.0,8.394515356160916,7.093734641893845,0.0,Within observed peer range,Low signal
Target_Target-OH_2025-09-09_16:00 EST_12,4-D,Target,Target-OH,2025-09-09,16:00 EST,12,"KIND Dark Chocolate Nuts & Sea Salt, 6 bars, 6 x 8 oz.",5,9.59,4,2,8.99,8.99,9.59,6.674082313681873,6.674082313681865,1.0,8.394515356160916,14.241258644689836,26.69632925472749,Noticeably above peers,Moderate signal
Target_Target-OH_2025-09-09_16:00 EST_13,4-A,Target,Target-OH,2025-09-09,16:00 EST,13,"Heinz Tomato Ketchup, 20 oz.",12,3.99,4,2,3.69,3.99,3.99,0.0,8.130081300813014,1.0,4.111167668005267,-2.9472811081932226,0.0,Within observed peer range,Low signal
Target_Target-OH_2025-09-09_16:00 EST_13,4-B,Target,Target-OH,2025-09-09,16:00 EST,13,"Heinz Tomato Ketchup, 20 oz.",12,3.99,4,2,3.69,3.99,3.99,0.0,8.130081300813014,1.0,3.9244117859926217,1.6712877644869506,0.0,Within observed peer range,Low signal
Target_Target-OH_2025-09-09_16:00 EST_13,4-C,Target,Target-OH,2025-09-09,16:00 EST,13,"Heinz Tomato Ketchup, 20 oz.",9,3.69,4,2,3.69,3.99,3.99,-7.518796992481214,8.130081300813014,0.0,4.111167668005267,-10.244478017351632,0.0,Within observed peer range,Low signal
Target_Target-OH_2025-09-09_16:00 EST_13,4-D,Target,Target-OH,2025-09-09,16:00 EST,13,"Heinz Tomato Ketchup, 20 oz.",5,3.99,4,2,3.69,3.99,3.99,0.0,8.130081300813014,1.0,4.111167668005267,-2.9472811081932226,0.0,Within observed peer range,Low signal
Target_Target-OH_2025-09-09_16:00 EST_14,4-A,Target,Target-OH,2025-09-09,16:00 EST,14,"Skippy Creamy Peanut Butter, 16 oz.",12,2.99,4,3,2.99,3.24,3.59,-7.716049382716051,20.06688963210701,0.0,4.1545651622164375,-28.030975968496996,0.0,Within observed peer range,Low signal
Target_Target-OH_2025-09-09_16:00 EST_14,4-B,Target,Target-OH,2025-09-09,16:00 EST,14,"Skippy Creamy Peanut Butter, 16 oz.",12,2.99,4,3,2.99,3.24,3.59,-7.716049382716051,20.06688963210701,0.0,4.1545651622164375,-28.030975968496996,0.0,Within observed peer range,Low signal
Target_Target-OH_2025-09-09_16:00 EST_14,4-C,Target,Target-OH,2025-09-09,16:00 EST,14,"Skippy Creamy Peanut Butter, 16 oz.",9,3.49,4,3,2.99,3.24,3.59,7.716049382716039,20.06688963210701,0.8333333333333338,4.1545651622164375,-15.996022117075082,30.864197530864157,Noticeably above peers,Moderate signal
Target_Target-OH_2025-09-09_16:00 EST_14,4-D,Target,Target-OH,2025-09-09,16:00 EST,14,"Skippy Creamy Peanut Butter, 16 oz.",5,3.59,4,3,2.99,3.24,3.59,10.80246913580245,20.06688963210701,1.0,4.1545651622164375,-13.589031346790714,43.2098765432098,Substantially above peers,High signal
Target_Target-OH_2025-09-09_16:00 EST_15,4-A,Target,Target-OH,2025-09-09,16:00 EST,15,"Quaker 1-Minute Oats, 42 oz.",12,5.99,4,3,5.99,6.29,6.69,-4.76947535771065,11.686143572621036,0.0,5.275614846387195,13.541268163312292,0.0,Within observed peer range,Low signal
Target_Target-OH_2025-09-09_16:00 EST_15,4-B,Target,Target-OH,2025-09-09,16:00 EST,15,"Quaker 1-Minute Oats, 42 oz.",12,5.99,4,3,5.99,6.29,6.69,-4.76947535771065,11.686143572621036,0.0,5.275614846387195,13.541268163312292,0.0,Within observed peer range,Low signal
Target_Target-OH_2025-09-09_16:00 EST_15,4-C,Target,Target-OH,2025-09-09,16:00 EST,15,"Quaker 1-Minute Oats, 42 oz.",9,6.69,4,3,5.99,6.29,6.69,6.359300476947549,11.686143572621036,1.0,5.275614846387195,26.80986377505159,25.437201907790197,Noticeably above peers,Moderate signal
Target_Target-OH_2025-09-09_16:00 EST_15,4-D,Target,Target-OH,2025-09-09,16:00 EST,15,"Quaker 1-Minute Oats, 42 oz.",5,6.59,4,3,5.99,6.29,6.69,4.76947535771064,11.686143572621036,0.8571428571428564,5.275614846387195,24.914350116231688,19.07790143084256,Slightly above peers,Low signal
Target_Target-OH_2025-09-09_16:00 EST_16,4-A,Target,Target-OH,2025-09-09,16:00 EST,16,"Good & Gather Quick Oats, 42 oz.",12,4.99,4,1,4.99,4.99,4.99,0.0,0.0,0.5,3.100319663162639,60.95114511223328,0.0,Within observed peer range,Low signal
Target_Target-OH_2025-09-09_16:00 EST_16,4-B,Target,Target-OH,2025-09-09,16:00 EST,16,"Good & Gather Quick Oats, 42 oz.",12,4.99,4,1,4.99,4.99,4.99,0.0,0.0,0.5,3.100319663162639,60.95114511223328,0.0,Within observed peer range,Low signal
Target_Target-OH_2025-09-09_16:00 EST_16,4-C,Target,Target-OH,2025-09-09,16:00 EST,16,"Good & Gather Quick Oats, 42 oz.",9,4.99,4,1,4.99,4.99,4.99,0.0,0.0,0.5,3.100319663162639,60.95114511223328,0.0,Within observed peer range,Low signal
Target_Target-OH_2025-09-09_16:00 EST_16,4-D,Target,Target-OH,2025-09-09,16:00 EST,16,"Good & Gather Quick Oats, 42 oz.",5,4.99,4,1,4.99,4.99,4.99,0.0,0.0,0.5,3.100319663162639,60.95114511223328,0.0,Within observed peer range,Low signal
Target_Target-OH_2025-09-09_16:00 EST_17,4-A,Target,Target-OH,2025-09-09,16:00 EST,17,"Barilla Penne, Non-GMO Pasta Made with Durum Wheat, 16 oz.",12,1.99,4,2,1.69,1.99,1.99,0.0,17.751479289940832,1.0,1.8742127081916484,6.17791626864328,0.0,Within observed peer range,Low signal
Target_Target-OH_2025-09-09_16:00 EST_17,4-B,Target,Target-OH,2025-09-09,16:00 EST,17,"Barilla Penne, Non-GMO Pasta Made with Durum Wheat, 16 oz.",12,1.99,4,2,1.69,1.99,1.99,0.0,17.751479289940832,1.0,1.8742127081916484,6.17791626864328,0.0,Within observed peer range,Low signal
Target_Target-OH_2025-09-09_16:00 EST_17,4-C,Target,Target-OH,2025-09-09,16:00 EST,17,"Barilla Penne, Non-GMO Pasta Made with Durum Wheat, 16 oz.",9,1.69,4,2,1.69,1.99,1.99,-15.07537688442211,17.751479289940832,0.0,1.8742127081916484,-9.82880477688084,0.0,Within observed peer range,Low signal
Target_Target-OH_2025-09-09_16:00 EST_17,4-D,Target,Target-OH,2025-09-09,16:00 EST,17,"Barilla Penne, Non-GMO Pasta Made with Durum Wheat, 16 oz.",5,1.99,4,2,1.69,1.99,1.99,0.0,17.751479289940832,1.0,1.8742127081916484,6.17791626864328,0.0,Within observed peer range,Low signal
Target_Target-OH_2025-09-09_16:00 EST_18,4-A,Target,Target-OH,2025-09-09,16:00 EST,18,"Good & Gather Enriched Macaroni Product, Farfalle, 16 oz.",12,1.39,4,3,1.19,1.39,1.43,0.0,20.168067226890756,0.8333333333333331,1.4553521978540345,-4.490473024357855,0.0,Within observed peer range,Low signal
Target_Target-OH_2025-09-09_16:00 EST_18,4-B,Target,Target-OH,2025-09-09,16:00 EST,18,"Good & Gather Enriched Macaroni Product, Farfalle, 16 oz.",12,1.39,4,3,1.19,1.39,1.43,0.0,20.168067226890756,0.8333333333333331,1.4553521978540345,-4.490473024357855,0.0,Within observed peer range,Low signal
Target_Target-OH_2025-09-09_16:00 EST_18,4-C,Target,Target-OH,2025-09-09,16:00 EST,18,"Good & Gather Enriched Macaroni Product, Farfalle, 16 oz.",9,1.19,4,3,1.19,1.39,1.43,-14.388489208633093,20.168067226890756,0.0,1.4553521978540345,-18.232851006464635,0.0,Within observed peer range,Low signal
Target_Target-OH_2025-09-09_16:00 EST_18,4-D,Target,Target-OH,2025-09-09,16:00 EST,18,"Good & Gather Enriched Macaroni Product, Farfalle, 16 oz.",5,1.43,4,3,1.19,1.39,1.43,2.877697841726623,20.168067226890756,1.0,1.4553521978540345,-1.7419974279364925,11.510791366906492,Slightly above peers,Low signal
Target_Target-OH_2025-09-09_16:00 EST_19,4-A,Target,Target-OH,2025-09-09,16:00 EST,19,"Mission Super Soft Taco Flour Tortillas, 10 ct.",12,2.99,4,1,2.99,2.99,2.99,0.0,0.0,0.5,3.627358277166132,-17.570866412017814,0.0,Within observed peer range,Low signal
Target_Target-OH_2025-09-09_16:00 EST_19,4-B,Target,Target-OH,2025-09-09,16:00 EST,19,"Mission Super Soft Taco Flour Tortillas, 10 ct.",12,2.99,4,1,2.99,2.99,2.99,0.0,0.0,0.5,3.627358277166132,-17.570866412017814,0.0,Within observed peer range,Low signal
Target_Target-OH_2025-09-09_16:00 EST_19,4-C,Target,Target-OH,2025-09-09,16:00 EST,19,"Mission Super Soft Taco Flour Tortillas, 10 ct.",9,2.99,4,1,2.99,2.99,2.99,0.0,0.0,0.5,3.627358277166132,-17.570866412017814,0.0,Within observed peer range,Low signal
Target_Target-OH_2025-09-09_16:00 EST_19,4-D,Target,Target-OH,2025-09-09,16:00 EST,19,"Mission Super Soft Taco Flour Tortillas, 10 ct.",5,2.99,4,1,2.99,2.99,2.99,0.0,0.0,0.5,3.627358277166132,-17.570866412017814,0.0,Within observed peer range,Low signal
Target_Target-OH_2025-09-09_16:00 EST_2,4-A,Target,Target-OH,2025-09-09,16:00 EST,2,"Good & Gather Baby-Cut Carrots, 16 oz.",12,1.69,4,2,1.69,1.69,1.79,0.0,5.917159763313615,0.0,1.78302004369191,-5.2169937192238836,0.0,Within observed peer range,Low signal
Target_Target-OH_2025-09-09_16:00 EST_2,4-B,Target,Target-OH,2025-09-09,16:00 EST,2,"Good & Gather Baby-Cut Carrots, 16 oz.",12,1.69,4,2,1.69,1.69,1.79,0.0,5.917159763313615,0.0,1.78302004369191,-5.2169937192238836,0.0,Within observed peer range,Low signal
Target_Target-OH_2025-09-09_16:00 EST_2,4-C,Target,Target-OH,2025-09-09,16:00 EST,2,"Good & Gather Baby-Cut Carrots, 16 oz.",9,1.69,4,2,1.69,1.69,1.79,0.0,5.917159763313615,0.0,1.78302004369191,-5.2169937192238836,0.0,Within observed peer range,Low signal
Target_Target-OH_2025-09-09_16:00 EST_2,4-D,Target,Target-OH,2025-09-09,16:00 EST,2,"Good & Gather Baby-Cut Carrots, 16 oz.",5,1.79,4,2,1.69,1.69,1.79,5.9171597633136175,5.917159763313615,1.0,1.78302004369191,0.39146819088120566,23.66863905325447,Noticeably above peers,Moderate signal
Target_Target-OH_2025-09-09_16:00 EST_20,4-A,Target,Target-OH,2025-09-09,16:00 EST,20,"Oscar Mayer Deli Fresh Honey Smoked Turkey Breast Sliced Sandwich Lunch Meat, 9 oz.",12,4.99,4,3,4.99,5.29,5.79,-5.671077504725897,16.03206412825651,0.0,6.1752496802637475,-19.19355073288509,0.0,Within observed peer range,Low signal
Target_Target-OH_2025-09-09_16:00 EST_20,4-B,Target,Target-OH,2025-09-09,16:00 EST,20,"Oscar Mayer Deli Fresh Honey Smoked Turkey Breast Sliced Sandwich Lunch Meat, 9 oz.",12,4.99,4,3,4.99,5.29,5.79,-5.671077504725897,16.03206412825651,0.0,5.783255216296432,-13.716413795143346,0.0,Within observed peer range,Low signal
Target_Target-OH_2025-09-09_16:00 EST_20,4-C,Target,Target-OH,2025-09-09,16:00 EST,20,"Oscar Mayer Deli Fresh Honey Smoked Turkey Breast Sliced Sandwich Lunch Meat, 9 oz.",9,5.59,4,3,4.99,5.29,5.79,5.6710775047258855,16.03206412825651,0.7499999999999997,6.1752496802637475,-9.47734440818191,22.684310018903542,Noticeably above peers,Moderate signal
Target_Target-OH_2025-09-09_16:00 EST_20,4-D,Target,Target-OH,2025-09-09,16:00 EST,20,"Oscar Mayer Deli Fresh Honey Smoked Turkey Breast Sliced Sandwich Lunch Meat, 9 oz.",5,5.79,4,3,4.99,5.29,5.79,9.451795841209831,16.03206412825651,1.0,6.1752496802637475,-6.238608966614178,37.807183364839325,Noticeably above peers,Moderate signal
Target_Target-OH_2025-09-09_16:00 EST_4,4-A,Target,Target-OH,2025-09-09,16:00 EST,4,"Good & Gather Frosty Flakes Cereal, 12 oz.",12,3.99,4,1,3.99,3.99,3.99,0.0,0.0,0.5,5.484565358297297,-27.250388329063313,0.0,Within observed peer range,Low signal
Target_Target-OH_2025-09-09_16:00 EST_4,4-B,Target,Target-OH,2025-09-09,16:00 EST,4,"Good & Gather Frosty Flakes Cereal, 12 oz.",12,3.99,4,1,3.99,3.99,3.99,0.0,0.0,0.5,5.484565358297297,-27.250388329063313,0.0,Within observed peer range,Low signal
Target_Target-OH_2025-09-09_16:00 EST_4,4-C,Target,Target-OH,2025-09-09,16:00 EST,4,"Good & Gather Frosty Flakes Cereal, 12 oz.",9,3.99,4,1,3.99,3.99,3.99,0.0,0.0,0.5,5.484565358297297,-27.250388329063313,0.0,Within observed peer range,Low signal
Target_Target-OH_2025-09-09_16:00 EST_4,4-D,Target,Target-OH,2025-09-09,16:00 EST,4,"Good & Gather Frosty Flakes Cereal, 12 oz.",5,3.99,4,1,3.99,3.99,3.99,0.0,0.0,0.5,5.484565358297297,-27.250388329063313,0.0,Within observed peer range,Low signal
Target_Target-OH_2025-09-09_16:00 EST_5,4-A,Target,Target-OH,2025-09-09,16:00 EST,5,"Ruffles Original Potato Chips, Party Size, 13 oz.",12,7.69,4,3,7.59,7.84,7.99,-1.913265306122447,5.27009222661397,0.2500000000000011,7.384994847380096,4.130065882552492,0.0,Within observed peer range,Low signal
Target_Target-OH_2025-09-09_16:00 EST_5,4-B,Target,Target-OH,2025-09-09,16:00 EST,5,"Ruffles Original Potato Chips, Party Size, 13 oz.",12,7.59,4,3,7.59,7.84,7.99,-3.1887755102040782,5.27009222661397,0.0,7.384994847380096,2.7759687969536317,0.0,Within observed peer range,Low signal
Target_Target-OH_2025-09-09_16:00 EST_5,4-C,Target,Target-OH,2025-09-09,16:00 EST,5,"Ruffles Original Potato Chips, Party Size, 13 oz.",9,7.99,4,3,7.59,7.84,7.99,1.913265306122458,5.27009222661397,1.0,7.384994847380096,8.19235713934907,7.653061224489832,Within observed peer range,Low signal
Target_Target-OH_2025-09-09_16:00 EST_5,4-D,Target,Target-OH,2025-09-09,16:00 EST,5,"Ruffles Original Potato Chips, Party Size, 13 oz.",5,7.99,4,3,7.59,7.84,7.99,1.913265306122458,5.27009222661397,1.0,7.384994847380096,8.19235713934907,7.653061224489832,Within observed peer range,Low signal
Target_Target-OH_2025-09-09_16:00 EST_6,4-A,Target,Target-OH,2025-09-09,16:00 EST,6,"Wheat Thins Original Snacks, Whole Grain Wheat Crackers, 8.5 oz.",12,3.99,4,2,3.99,3.99,4.59,0.0,15.037593984962397,0.0,3.5476976839900503,12.467305712264022,0.0,Within observed peer range,Low signal
Target_Target-OH_2025-09-09_16:00 EST_6,4-B,Target,Target-OH,2025-09-09,16:00 EST,6,"Wheat Thins Original Snacks, Whole Grain Wheat Crackers, 8.5 oz.",12,3.99,4,2,3.99,3.99,4.59,0.0,15.037593984962397,0.0,3.5476976839900503,12.467305712264022,0.0,Within observed peer range,Low signal
Target_Target-OH_2025-09-09_16:00 EST_6,4-C,Target,Target-OH,2025-09-09,16:00 EST,6,"Wheat Thins Original Snacks, Whole Grain Wheat Crackers, 8.5 oz.",9,3.99,4,2,3.99,3.99,4.59,0.0,15.037593984962397,0.0,3.5476976839900503,12.467305712264022,0.0,Within observed peer range,Low signal
Target_Target-OH_2025-09-09_16:00 EST_6,4-D,Target,Target-OH,2025-09-09,16:00 EST,6,"Wheat Thins Original Snacks, Whole Grain Wheat Crackers, 8.5 oz.",5,4.59,4,2,3.99,3.99,4.59,15.037593984962406,15.037593984962397,1.0,3.5476976839900503,29.379682511100704,60.150375939849624,Substantially above peers,High signal
Target_Target-OH_2025-09-09_16:00 EST_7,4-A,Target,Target-OH,2025-09-09,16:00 EST,7,"Premium Original Saltine Crackers, Lunch Snacks, 16 oz.",12,3.99,4,3,3.99,4.29,4.69,-6.99300699300699,17.543859649122812,0.0,3.6076867697737995,10.597184695448814,0.0,Within observed peer range,Low signal
Target_Target-OH_2025-09-09_16:00 EST_7,4-B,Target,Target-OH,2025-09-09,16:00 EST,7,"Premium Original Saltine Crackers, Lunch Snacks, 16 oz.",12,3.99,4,3,3.99,4.29,4.69,-6.99300699300699,17.543859649122812,0.0,3.6076867697737995,10.597184695448814,0.0,Within observed peer range,Low signal
Target_Target-OH_2025-09-09_16:00 EST_7,4-C,Target,Target-OH,2025-09-09,16:00 EST,7,"Premium Original Saltine Crackers, Lunch Snacks, 16 oz.",9,4.59,4,3,3.99,4.29,4.69,6.993006993006978,17.543859649122812,0.8571428571428564,3.6076867697737995,27.228340288749365,27.972027972027913,Noticeably above peers,Moderate signal
Target_Target-OH_2025-09-09_16:00 EST_7,4-D,Target,Target-OH,2025-09-09,16:00 EST,7,"Premium Original Saltine Crackers, Lunch Snacks, 16 oz.",5,4.69,4,3,3.99,4.29,4.69,9.324009324009342,17.543859649122812,1.0,3.6076867697737995,30.000199554299467,37.29603729603737,Noticeably above peers,Moderate signal
Target_Target-OH_2025-09-09_16:00 EST_8,4-A,Target,Target-OH,2025-09-09,16:00 EST,8,"Market Pantry Crackers, Saltine, 16 oz.",12,1.99,4,1,1.99,1.99,1.99,0.0,0.0,0.5,1.8742127081916484,6.17791626864328,0.0,Within observed peer range,Low signal
Target_Target-OH_2025-09-09_16:00 EST_8,4-B,Target,Target-OH,2025-09-09,16:00 EST,8,"Market Pantry Crackers, Saltine, 16 oz.",12,1.99,4,1,1.99,1.99,1.99,0.0,0.0,0.5,1.8742127081916484,6.17791626864328,0.0,Within observed peer range,Low signal
Target_Target-OH_2025-09-09_16:00 EST_8,4-C,Target,Target-OH,2025-09-09,16:00 EST,8,"Market Pantry Crackers, Saltine, 16 oz.",9,1.99,4,1,1.99,1.99,1.99,0.0,0.0,0.5,1.8742127081916484,6.17791626864328,0.0,Within observed peer range,Low signal
Target_Target-OH_2025-09-09_16:00 EST_8,4-D,Target,Target-OH,2025-09-09,16:00 EST,8,"Market Pantry Crackers, Saltine, 16 oz.",5,1.99,4,1,1.99,1.99,1.99,0.0,0.0,0.5,1.8742127081916484,6.17791626864328,0.0,Within observed peer range,Low signal
Target_Target-OH_2025-09-09_16:00 EST_9,4-A,Target,Target-OH,2025-09-09,16:00 EST,9,"General Mills Cheerios, 8.09 oz.",12,3.99,4,2,3.99,4.29,4.59,-6.99300699300699,15.037593984962397,0.0,5.969170221976457,-33.156538486535766,0.0,Within observed peer range,Low signal
Target_Target-OH_2025-09-09_16:00 EST_9,4-B,Target,Target-OH,2025-09-09,16:00 EST,9,"General Mills Cheerios, 8.09 oz.",12,3.99,4,2,3.99,4.29,4.59,-6.99300699300699,15.037593984962397,0.0,5.969170221976457,-33.156538486535766,0.0,Within observed peer range,Low signal
Target_Target-OH_2025-09-09_16:00 EST_9,4-C,Target,Target-OH,2025-09-09,16:00 EST,9,"General Mills Cheerios, 8.09 oz.",9,4.59,4,2,3.99,4.29,4.59,6.993006993006978,15.037593984962397,1.0,5.969170221976457,-23.104890138646418,27.972027972027913,Noticeably above peers,Moderate signal
Target_Target-OH_2025-09-09_16:00 EST_9,4-D,Target,Target-OH,2025-09-09,16:00 EST,9,"General Mills Cheerios, 8.09 oz.",5,4.59,4,2,3.99,4.29,4.59,6.993006993006978,15.037593984962397,1.0,5.969170221976457,-23.104890138646418,27.972027972027913,Noticeably above peers,Moderate signal
